Mass (avg),RT (avg),25mM LG_unlabeled254,25mM LG_unlabeled263,25mM LG_unlabeled266,25mM LG_13C-labeled262,25mM LG_13C-labeled264,25mM LG_13C-labeled272
142.0244,7.15,45364357,13410536,46870027,47603217,46191501,35024197
388.0338,7.14,10906794,11258799,10817433,11075229,10588175,9429705
306.0306,7.14,10707147,11564246,11348352,11195725,11104196,9293237
470.0363,7.14,9370910,9738091,9393388,9447390,9203763,7791675
224.0274,7.14,9377335,11255683,11165807,9671310,10159464,9130298
552.0394,7.14,8446738,8917334,8507654,8512225,8270417,6984503
607.0813,8.88,10989126,10961401,10714565,631111,644072,1
97.9769,8.44,2637891,3195387,3108546,3418768,3206020,2602157
634.0425,7.14,6684731,7095673,6835269,6846157,6667454,5542549
716.0455,7.14,5968934,6134291,5915585,5983457,5711534,4688045
93.0417,6.19,5542373,5834825,5489947,6443742,6040495,5743995
157.9983,6.82,4955108,5348525,5793315,3716191,4694292,1006644
307.0839,8.41,6078654,6271556,6792118,3171670,3905910,16230
93.0418,7.24,3297844,3308823,3596709,3561905,3307335,3561835
149.06,8.39,2310532,2151802,2176210,2479075,2507080,3749711
299.9504,1.16,1323860,1385848,1314152,1342778,1443389,1120480
97.9673,9.06,1446813,1414652,1383760,1500348,1462647,1546134
798.0487,7.14,3099531,3223062,3109935,3141973,3050892,2468961
186.0836,7.24,3326040,3308093,3610641,1531164,3392933,3590403
620.1248,8.88,1,1,388,3263004,3524373,625
146.0692,7.97,2253285,2429500,2457725,1566797,1998517,1267
218.0105,9.69,3331327,4371794,4344758,2005752,3694553,5236875
880.0515,7.14,2823125,2943529,2779180,2818521,2699061,2237504
347.0631,8.17,2288346,2205474,2424871,146153,166195,1
618.1185,8.89,1195,1,1018,3071553,3389025,1387
147.0533,8.39,1929607,1968156,1996613,863827,1066483,3689
962.0557,7.14,2365991,2506670,2374986,2416244,2307502,1813392
256.2405,1.3,2011241,1142913,1962922,905276,1177253,901041
284.2717,1.29,2007278,1051400,1785598,973415,1193792,1052486
113.9929,7.3,777434,714948,398661,242231,641811,323179
113.9929,7.05,739879,661394,1041027,740450,1094780,399405
213.9869,1.33,8609,17776,13507,20085,19634,16653
93.0417,7.04,584261,659236,723879,730625,607856,737937
240.067,1.22,507859,257036,465254,199033,185304,240907
134.0216,7.97,1459891,1235213,1562158,312332,703958,35731
886.5566,5.63,3156157,2967898,2861004,1042343,960282,1
186.0836,7.24,3291134,3305554,3603391,3586093,3409047,3573565
222.0602,7.04,1301734,1303301,1225586,1273866,1334133,1352471
580.0343,9.53,1819661,1967702,1978702,207800,251969,1
314.086,1.25,863220,450981,891056,337680,436468,416257
215.056,8.1,1450402,1342982,1491511,652377,755123,1
405.0612,8.42,1783895,1738489,1649294,881073,1048041,1473
1044.0578,7.14,1788924,1898512,1749295,1779128,1742733,1299291
791.5655,1.73,2037776,1905598,1844405,481865,1,974
126.0066,7.04,1234922,1283585,1139864,1259759,773243,6135917
743.5463,1.73,2406112,2269459,2283522,981987,944232,1
819.5985,1.73,2313014,2358955,2122167,608020,589436,623
133.0376,8.56,1485337,1248946,1105971,493296,604756,380
352.0797,8.17,1,2565,1,1202343,1351139,2460
90.0315,6.19,1104649,1047287,1290947,201388,212201,33029
240.0673,1.28,480757,314777,626805,249445,356579,392757
886.5573,1.75,2190659,2109526,2086779,1210576,932953,1
615.108,8.88,1,1,1,1415987,1588098,1
767.5454,1.73,2062393,1934011,1853725,1576725,1527793,1
338.9129,1.44,377957,1722640,75411,438679,99738,62575
317.1243,7.98,1256858,1330136,1341162,727023,812027,1
748.527,1.73,1725080,1663964,1608803,132274,135608,1
233.0438,1.24,579698,1230620,306367,2022029,1289917,316135
169.997,1.33,7807,11027,6380,11044,7052,9188
300.0765,7.27,1408067,1012712,1065351,1117881,1131321,1184393
300.0765,7.05,822219,727494,711265,746839,748762,721465
75.0311,7.24,72250,445280,563769,719835,399176,353684
126.0066,1.23,192899,239113,250393,929470,350094,543013
612.1514,9.57,1268468,1312110,1334170,864649,938037,14951
175.0481,7.89,941773,874367,796847,137255,194018,1
186.0835,7.09,384387,139038,235916,200799,221538,186740
224.0447,1.25,623564,417110,234991,295435,255008,211869
126.0066,8.32,120294,134079,118569,248716,173836,38012
324.0361,8.27,821470,824524,865349,55793,68538,797
258.8263,5.88,824291,802709,774592,805453,747188,769598
765.5316,1.73,1550002,1549790,1449045,726386,712112,1
126.0066,6.93,1,1,1,1,1,1
202.033,9.24,758871,1093062,1100700,556168,687370,395768
243.0873,8.71,845945,507454,935236,239942,422642,1
222.0602,7.31,514590,355480,454043,294771,522745,773161
124.0554,7.24,425314,645502,693149,219078,681114,673893
622.1315,8.88,1,1,1,1199687,1299123,188
142.0243,1.79,1,228039,1,1,37883,1
789.5511,5.59,1533714,1496256,1386529,541071,535257,5704
466.3113,1.27,1200968,1136606,1082527,925037,900264,2304
93.0418,7.09,413960,190964,275711,189332,222290,186745
119.0584,7.76,661253,651146,721549,413605,539308,1
156.0092,6.98,487693,352097,1,59793,106518,16278
293.9308,8.44,182406,357207,343972,397475,349925,324019
845.6139,1.73,974622,1107910,1042100,339603,375055,1
93.0418,7.24,3351179,1634491,3600195,3560710,3477143,3561835
256.8294,5.89,923004,745267,1236088,709319,755098,740914
131.0948,6.56,665688,573907,686974,431587,530089,163
402.0675,8.46,701426,680017,720369,236351,274236,1
613.1017,8.88,3667,1,503,1607950,1732892,1
282.2562,1.29,638066,558476,681932,389386,457231,42867
314.086,1.22,863414,450958,104299,337680,436497,86568
218.0105,9.68,4552116,511009,2426862,4794876,3694553,622338
300.0766,7.29,1228759,1012712,1008943,1098401,1131321,1184393
62.0276,7.24,484694,643052,681905,705560,653583,664252
403.172,7.98,735685,721363,767788,286368,403659,1
300.0881,1.27,214654,60921,240823,31032,68952,103815
717.5297,1.73,1070923,1046628,1095079,450477,435017,975
375.9995,9.69,338321,314077,434562,364829,217143,728349
744.6044,1.73,1,1,1,948067,903695,1
315.1264,7.31,711493,652704,718831,448533,592087,10844
240.0846,8.21,597300,521708,566296,358551,427906,1
744.6204,1.73,250923,242509,232503,924750,915932,5641
715.5157,1.73,1030718,1079791,1033368,306365,277755,1
418.3294,1.27,208081,55399,166731,46559,119038,130643
817.5829,1.73,1042695,1075553,1130428,243796,245521,1
300.0766,7.25,705624,596368,562880,633648,648589,1184393
884.5405,5.63,1242692,1212080,1181872,222019,230681,1
165.0791,6.51,513868,531252,549902,329901,438471,1
614.1045,8.88,494,712,1,711424,784807,1
135.9021,5.46,333360,434155,319015,153706,363817,250598
256.8296,5.89,923008,745280,1235788,709333,755128,740905
113.9929,8.31,46282,1,152028,104230,1,1
177.9433,8.44,327867,390224,403054,437830,399240,308627
591.071,9.53,1,1,1,563868,706612,1
2170.1132,7.14,571354,618807,580313,585257,581473,444950
224.0447,1.12,1,1,1,1,1,1
340.9111,1.44,36662,818421,29512,166657,47390,17287
789.5492,1.74,1021750,935427,849618,317700,317672,1
216.0402,5.58,251475,29308,601298,313542,288905,445191
126.0065,9.24,267160,217368,217230,170054,171303,1
836.541,5.77,820113,845383,786735,64316,65984,1
264.0803,7.13,408647,386729,397169,200682,425864,473543
353.293,2.14,238212,473480,438625,150807,249347,101239
884.541,1.75,1049617,1000609,957051,202003,186122,3355
93.0416,6.36,195484,32744,1,186919,1,475213
182.0774,7.11,194713,370512,222471,222205,314392,235801
75.0312,7.23,123540,445020,563769,722468,296162,78423
224.0447,5.41,227091,275402,152726,338550,332212,109945
168.0731,7.24,502618,272996,96395,81714,126911,282143
101.0112,7.04,65956,224607,144793,141466,330196,73212
247.0371,8.4,378974,335145,293723,365936,330321,224279
762.5877,1.73,384158,371076,419877,247206,1,7002
166.0481,1.23,135362,72725,150571,57805,59887,66630
448.0708,1.23,354893,241678,425031,232058,267968,175536
761.5203,5.63,828325,785747,776550,210718,179986,1
130.0065,5.48,184086,178703,101337,249768,295533,304777
2006.1129,7.14,356592,407752,359904,380574,365853,277925
119.0485,7.25,223370,64546,186467,224548,361635,134538
304.0914,8.46,408793,407987,408761,138585,159234,2365
329.0512,8.27,14556,15255,1319,337873,410338,13057
226.0695,1.23,152953,56757,164400,66563,68738,73629
175.0481,7.81,359084,307583,373436,51028,88039,1
62.0276,7.05,159446,123644,187524,128574,186494,177568
326.1915,1.36,476529,216479,419830,222542,279361,193105
218.066,8.1,1,1,1,381292,430628,1
266.1551,1.3,1,1,1,106984,87026,1
743.5468,2.29,916835,889198,763421,369030,341720,1
246.105,7.24,524270,122861,501475,284640,312148,493381
374.0182,7.11,414382,448524,442567,432787,453423,310402
222.0602,7.27,86605,144270,148850,117056,167850,296845
474.2898,1.24,549399,482949,511066,426881,514073,102521
921.0536,7.14,366436,402626,367524,363519,368134,323655
134.0215,8.19,181592,72186,531394,154544,288021,26350
320.1336,7.98,2923,1,1,435036,476968,1
258.8263,5.66,501357,440186,454246,458695,488760,124379
306.0757,9.57,1183645,1312148,1322559,857502,986397,6950
74.0002,7.05,156074,257061,66379,143439,115904,86912
131.0949,6.68,610175,360209,346025,196706,293783,253
470.0366,7.19,152021,199198,475188,146646,71689,280186
135.902,5.62,252501,322711,298443,368629,376495,305442
744.6123,1.73,708175,664054,690013,621712,591396,9158
204.8763,1.44,3713,320603,2153,4919,2988,1
150.0622,7.21,210753,48547,14831,72731,296021,294192
310.0832,8.41,15933,1,7796,304703,406477,16531
770.5572,1.73,1,1,1,521933,493023,1
456.0212,7.11,398025,177257,393627,219274,396216,373546
306.0305,7.35,1,1,1,1,1,1
129.0426,7.32,305215,313239,334144,184681,124538,2601
347.0733,8.17,1679178,1480671,1736928,245664,311263,11726
256.8295,5.42,576905,507349,686056,523372,513901,268171
122.0015,8.38,196540,267753,236215,303632,256359,232448
216.0402,6.91,187535,350682,146415,245467,230261,138129
752.5766,1.73,1,1,11589,1,1,1
255.9753,6.82,242389,271939,318991,171565,225031,16298
115.9436,1.44,14539,298230,4939,22519,13617,4602
312.1761,1.37,374214,204983,372865,247348,224737,230884
538.0232,7.11,427554,411865,418446,423600,409033,421379
696.0771,7.14,400848,377556,395308,392267,397855,419285
300.0764,7.05,822219,727494,331972,316543,748762,306533
134.0217,7.96,216062,133918,316412,391790,577912,31316
196.0584,8.22,267881,282933,274658,1,48734,8240
136.0374,7.55,226486,241235,260795,2092,18646,1
861.5424,5.73,675518,686164,625089,1,1,2051
739.5151,1.73,601274,591272,567987,235113,238992,1
134.0215,8.39,1,51287,357809,48245,84194,14015
864.5697,5.73,510018,463306,472884,165544,151226,1
794.5672,1.73,294497,285259,295378,551626,550411,9520
787.536,5.58,760740,703245,615323,213430,210665,1
230.0039,8.58,422546,336742,353474,249250,250276,1
776.5788,1.73,1,1,63548,377433,362241,451
206.8742,1.44,3240,288102,1062,4344,591,1
778.0803,7.14,464741,485181,472405,491347,498318,523847
794.5714,1.73,327542,322984,323324,591457,592873,3968
75.0311,7.04,1,135957,21473,113527,153058,140275
761.521,1.75,561745,556737,540186,153396,131120,1
196.0585,8.39,165982,178850,211457,330805,253180,211386
314.1199,7.97,344550,179782,328177,287003,97740,833
258.8263,5.43,558939,528865,484129,357476,491021,450572
292.0148,7.11,356949,209765,184537,180440,187070,165818
503.2162,8.38,109662,105622,122198,178064,160730,457069
614.074,7.14,344602,359765,366487,371946,374932,399703
316.0826,1.25,144437,73932,169195,55595,57799,60868
256.8294,5.65,512946,516369,469987,498184,440834,529143
491.1759,8.38,79328,86746,86459,129597,119611,362652
180.9776,8.44,213533,40402,153307,103338,119484,100790
532.071,7.13,329179,338221,335074,335155,337856,374891
308.0351,7.14,304718,317954,310614,301524,273060,257396
134.0217,8.1,505256,406666,188198,130160,90627,15440
752.554,1.73,1,24367,27140,1,1,1
346.0833,7.13,274208,270069,275280,268762,299184,315162
776.5682,1.73,1,1,1,406103,407245,725
858.5252,5.68,531217,521508,467700,22457,92625,1
144.0288,7.15,235046,289516,357684,204367,256435,277501
298.054,1.23,113529,36319,115656,23975,57690,47975
353.9518,6.82,169258,117580,242000,110508,149936,6574
898.597,5.63,1,2316,1,651736,560009,1
106.0451,7.24,200881,191941,188347,265464,263867,73118
566.0549,9.07,354307,366477,361392,938,1,824
858.525,1.76,484258,464608,378180,87017,97177,2330
702.03,7.13,354464,240136,366747,181551,238839,340557
157.9982,6.96,1,1,1,6023,1,1
620.0266,7.12,361725,225815,356139,184273,341922,328506
75.9472,5.51,195274,247680,201608,115896,99997,107129
134.0216,8.79,208062,1,145610,51789,47684,5157
363.0575,8.63,243193,276924,336565,22133,25705,1
195.9962,7.19,19906,45904,78603,158835,55590,15909
128.0086,7.18,467436,832450,821492,205142,101577,326002
762.5892,3.22,934912,912487,975630,295999,440467,670
450.0683,7.14,170276,287267,297287,295439,293253,331152
245.0298,8.4,296310,274088,228048,109739,139721,2410
208.0654,6.19,199829,246826,246116,289294,308133,314473
910.5564,5.63,656006,647098,614227,183967,173552,18299
207.0179,7.19,243352,273844,280912,140734,207483,1
175.0451,6.19,276353,247702,252576,159219,285012,296664
428.0866,7.14,259298,253755,248089,263740,261439,297941
260.8235,5.88,372361,155913,285659,274431,279842,293444
186.0178,1.2,51710,113512,64649,59097,78860,98282
836.5402,1.74,244506,250933,249567,183611,155407,1
362.1946,1.25,301401,220531,295091,271939,297254,8421
79.9662,8.45,192430,175793,89855,154638,117930,64877
834.5263,1.74,342200,347801,476600,161601,133942,469
131.0497,7.32,10403,72964,78722,96464,97956,119011
787.5365,1.74,509462,507377,445496,162338,144785,1
170.9928,8.6,3343,8560,1820,136264,97008,410
134.0216,8.72,208062,1,222366,42519,52015,21158
340.2075,1.34,247247,117905,252659,150517,181050,122056
131.0948,6.73,610176,178975,237817,355295,121569,253
304.2404,1.29,149727,170998,191155,203205,206821,6933
741.5303,1.73,450190,449341,438720,247384,237424,1
150.0622,7.08,1,47938,14831,72675,173448,140584
122.0369,1.98,344962,129813,96549,182867,83464,200241
557.1717,8.1,382720,368672,366234,100206,242990,2059
130.0065,5.61,273785,302203,229141,272888,216554,216186
116.011,8.02,116413,204866,222907,70924,109640,3887
97.9769,8.69,1,1,1,1,35811,1
860.0823,7.14,353607,382088,382607,358647,368863,333640
143.9827,6.81,195873,230027,132092,151485,68390,21050
746.559,1.73,245141,232411,244089,1,1,1
820.5259,1.47,390047,391549,366554,118973,115935,1
789.5527,5.58,1466993,1498837,407879,809851,226770,11116
134.0216,8.99,113143,1,140260,59300,1,1317
152.0475,1.36,32718,20734,17503,14483,11042,7021
840.0373,7.16,150460,326940,322683,148303,188773,343134
299.966,1.32,1,2576,1,1466,4739,328
135.9018,5.44,117023,431757,707808,125767,354452,120087
89.0476,7.64,198146,206416,221982,71729,97114,330
758.0325,7.15,135400,121335,52544,174302,137470,167987
177.0548,7.9,1,1,1,157058,204286,4804
258.8265,5.32,230504,198252,189603,204057,189073,193159
256.8295,5.32,235123,213286,686032,183985,208597,206673
182.0773,7.15,122753,81575,67326,222283,393254,217121
837.5485,1.74,533661,318156,461527,183653,173042,1
830.6331,1.73,1,5994,1,395476,382550,1
216.04,6.75,195448,311152,222490,318667,213152,92019
689.5,1.73,323509,321614,319107,93799,93796,1
321.0694,8.73,84259,93771,163324,36968,46596,912
891.5726,5.63,1,1,1,437678,432874,1
1003.0549,7.14,439018,479576,447609,473875,450257,372277
748.1055,1.25,180249,150630,204910,150086,168122,68135
299.1217,7.76,255972,256242,243522,172867,204483,1
533.9889,9.68,78364,63699,101064,74430,93229,151319
317.1331,8.6,16160,56137,19757,79530,74920,330049
328.2399,1.29,149685,142610,164861,207427,194002,1
367.0566,1.24,39523,73864,58070,57404,91768,10809
512.0246,7.15,139435,137730,56571,134898,139165,136389
196.0584,8.68,1,112324,1,60333,1,33839
132.0035,5.46,6992,172210,339598,31991,175731,173509
128.0085,7.1,141241,161637,158945,168840,149794,149294
912.5704,1.75,392506,385864,346529,163679,165891,1
351.0765,8.17,1,2992,1,126169,144638,1
452.0939,8.1,157823,191987,181396,40152,45576,1
746.5095,1.72,1,1,1,349758,337701,2650
759.6003,1.73,1,1,70577,155440,1,1739
597.5327,1.25,305187,239215,307214,91450,81381,1
846.6894,1.73,99520,95919,81968,313331,314740,1011
93.047,7.23,122675,140052,150630,94343,145492,99093
912.5694,5.63,406242,375944,380200,161872,133393,9475
137.8991,5.48,29596,75201,24228,103970,150504,244959
182.0774,7.11,180388,370522,222471,159443,393300,235796
314.0515,8.38,192997,221163,250580,2437,3934,1
663.1083,8.75,265364,246579,225576,23161,22770,1
861.5386,1.77,246039,244825,261934,127045,113929,4935
192.0271,8.58,52750,110929,165093,112783,102746,47754
368.0747,8.63,575,1,1,97115,215444,1
779.579,1.73,47687,40471,47477,324031,323381,1
832.6393,1.73,6832,1,10279,383594,379172,838
216.0404,5.75,89524,72865,80879,97101,120476,106980
240.0016,6.82,159273,174326,193001,146931,158615,45632
180.0635,8.22,156565,157414,162094,98228,121870,1
260.0984,7.76,192502,194232,202502,119630,155350,1
374.0178,7.16,246176,180503,231723,431977,162499,398057
320.1021,8.38,25702,31611,26518,51399,52275,208691
258.8264,5.64,501369,440174,454298,458678,488762,351781
209.9418,5.64,203622,172377,143814,125319,139597,96159
216.04,8.22,161588,154673,145504,117686,129083,1
767.5451,2.22,187652,284620,347762,237846,218215,1
311.0988,7.22,212575,151575,174388,89735,144738,256
427.8457,1.44,4367,235071,1586,5513,3205,1921
289.0015,1.72,12622,19823,18040,20885,22914,1
541.0616,8.75,238461,204258,194862,21643,22181,1
800.0171,1.19,61600,79081,71828,75854,83083,42688
399.0329,8.51,192539,236804,237999,32456,51741,1
134.0216,9.13,1,1,1,1,1,1
219.1107,6.41,181633,177048,204023,113376,135349,1
801.5998,1.73,5034,5720,5142,354756,339272,1
896.5894,5.63,1,2103,1484,380137,376417,1
784.035,7.12,217385,212566,198791,210809,211051,207553
305.1418,7.76,217249,211465,202888,148636,169990,1
440.0931,8.4,76987,66096,57467,45091,78831,95059
360.0549,1.27,58090,34630,78229,31220,34108,19514
226.0696,1.35,85437,40385,120791,39707,49478,79117
406.1812,7.98,2927,366,2568,170655,224321,1
215.8873,1.95,9405,1,1395,945,1,358
770.5992,1.73,1,1,1,1,1,1000
130.0064,5.46,183788,171152,323659,523590,295725,302620
776.5557,1.73,224150,217042,216102,1,1,1251
299.9777,1.25,1,1,1,1,13587,1
374.0173,7.11,435938,246194,458199,446543,435825,411310
804.609,1.73,1,19981,16208,345402,307968,852
312.1759,1.56,338235,271010,177999,296354,156260,318599
586.0539,9.53,1,1,1,215831,259795,797
368.1606,7.25,57632,88114,98029,150948,160578,97543
841.5816,1.73,301275,286127,279927,128362,112632,1
1044.5613,7.14,173021,191906,188047,186529,181117,134997
117.079,7.08,148710,147866,171142,97358,118930,1
243.0874,8.76,1,177406,897813,61129,133225,1
896.5897,1.74,6263,8256,11111,247588,254897,1
422.2334,1.25,14506,5585,12599,11521,8661,3025
794.5832,1.73,268757,241359,253795,1,1,1
105.0425,8.03,158011,150032,147888,80051,93214,1587
226.0321,7.14,165403,194157,160066,104624,177556,151745
922.0402,7.16,192718,290176,292758,147112,303613,295393
774.5422,1.49,219173,220733,209903,51365,48258,1
942.0862,7.13,186767,184555,172963,171349,188604,194009
456.0207,7.12,398136,218355,185388,226822,191854,388883
311.0969,8.4,20371,1,20606,304764,414380,27653
901.6068,5.63,1,1,3163,401372,348776,916
75.0311,7.06,112422,41920,14831,72689,178784,140584
131.0695,7.68,140202,132618,149959,85105,107494,1
147.0532,7.32,157260,134056,142060,38076,50113,1
290.0945,7.05,140847,132326,143090,133451,140461,132675
867.5968,1.72,303890,290551,291557,1,1,623
130.0632,1.77,173380,133220,158510,88827,92103,453
843.5962,1.73,272731,254876,261162,1,1,766
134.0215,8.64,1,140013,1,1,1,12139
243.1835,1.25,144705,78908,84861,99014,45325,24593
368.0654,7.13,110572,119208,110537,121535,119838,143579
232.0891,7.23,167805,187582,170460,165009,85856,142223
209.9419,5.46,72322,47941,139918,78203,130144,28646
806.6166,1.73,11531,12920,1,294702,277643,1
192.0271,8.4,193023,89824,135627,73423,76057,35004
676.0323,7.17,105503,133525,139775,146871,136559,243813
319.0684,8.39,16211,10949,15363,180942,184893,1
798.587,1.73,26721,13905,16446,236458,244986,7348
132.0035,5.61,126405,147818,1,4095,99105,156917
222.0675,9.01,165550,155167,171168,82527,108063,1
808.6217,1.73,3523,4995,4394,183237,183861,674
326.1918,1.55,185399,212032,206480,17515,241352,254052
789.5296,1.73,1,1,1,1,1,1
745.5616,2.3,64072,315469,109706,339809,405691,1
374.0526,1.24,226736,183348,275474,196569,206309,89977
167.9826,8.6,94997,147611,143304,22283,25485,325
303.1625,7.08,174260,166782,172493,110467,143947,1
834.6475,1.73,1,1,5456,326337,294448,1
436.9648,1.25,41988,58198,55040,60649,57746,21529
593.0782,9.53,1,1,1,201206,238362,1
154.0077,8.17,142951,130745,140692,91295,118792,1914
891.5746,1.75,44365,37707,37275,316097,223662,9013
448.0643,1.23,316250,233897,325059,206339,254482,117567
747.5611,1.73,1,1,42825,247295,242344,1
861.5425,1.76,342286,277552,279426,40626,49536,3989
828.6265,1.73,4965,5395,1,303670,288590,1
538.0238,7.12,212922,411865,419952,235256,408989,420841
811.5352,1.74,217695,203456,179506,98302,91974,1
1842.1023,7.14,421243,463279,426702,443897,427668,374160
273.1053,6.19,172880,14819,80826,184486,65021,119672
429.8443,1.44,4627,208769,1728,575,3131,1162
62.0275,7.09,168678,60470,183276,1900,26978,46274
779.5683,1.73,19370,1,1,216714,220876,1
629.0633,8.9,189298,169682,187769,12020,1884,1
888.5699,5.63,215501,718799,673847,1,1,1645
594.0273,7.12,84093,89485,123893,199519,81105,79418
871.6122,1.73,1,1,1,126377,1,1
154.0492,5.46,12623,11379,59145,19589,48865,9677
216.0399,7.44,-4496,45589,1,5523,1,82294
899.6003,1.73,1,15213,1,288525,292864,1
118.0266,6.85,130417,119233,136585,80656,72166,17018
243.0872,7.98,166562,165953,161879,90286,107181,1
837.5523,5.46,533042,509310,462669,185287,225983,8586
1003.0643,7.14,440111,447867,427776,450465,429682,377313
310.1807,1.3,7770,63710,11358,11256,6982,5003
298.1601,1.4,134288,68049,130152,104210,100916,74138
1024.0887,7.14,182211,192824,182818,191030,182199,196115
801.5855,1.72,2538,1,1,190274,190637,1
788.6264,1.73,1,1,1,1,1,1
910.5575,1.75,280668,265689,241072,77462,55077,1310
702.03,7.12,423138,443338,419775,431250,444513,407215
378.0923,8.3,57586,47275,44307,53482,54317,6936
119.0485,7.05,106630,17743,25295,22131,101850,1
882.5253,5.66,253781,268909,256489,21169,25153,1
290.0946,7.3,50547,62144,41134,55719,32969,73366
202.0787,8.22,1337,3020,4500,153460,177542,2352
561.8818,1.44,51803,13547,25845,40833,261885,44615
839.5632,1.74,211276,198142,180819,1,1,1
1085.0565,7.14,430279,476617,447400,454629,443506,357063
314.1198,7.96,328491,339798,328150,286931,302871,794
367.0565,1.1,1,1,1,1,1,1
756.5891,1.73,3124,4400,4232,238295,242622,582
600.536,5.42,223354,257724,138347,213469,254175,149177
242.064,1.28,60704,29442,127089,25578,36661,46448
180.0631,6.83,68338,84771,63163,76244,56055,14938
105.07,8.39,62332,68239,69497,73314,81062,101174
440.0933,8.52,53030,178429,187382,77165,180309,170788
813.5505,1.74,272081,289615,253475,139281,136775,1
766.5858,1.73,1,1,1,265094,245825,1442
620.0262,7.12,409522,165268,428280,201556,412769,396372
169.0502,8.69,80403,95716,127972,47555,88309,1
167.0246,5.54,203246,220397,249306,7232,38576,1
866.5093,1.43,240439,232236,224739,132220,112908,1
301.0559,8.5,124668,137891,131055,21825,22638,1
204.0901,6.54,143051,102650,131267,81119,102609,1
774.5754,1.73,15026,1,1,1,1,1
316.0825,1.24,134368,73778,169099,55208,26722,21603
866.036,7.14,179775,173046,165984,177242,180583,156982
805.5835,1.73,170626,160436,168566,1,1,983
160.0386,6.81,18741,27957,14265,20859,29579,58992
92.0293,1.25,24392,21152,30609,16679,16474,5536
240.0847,8.32,1,1,1,1,1,1
914.586,5.63,271295,267647,250159,1,1,1
196.0585,8.97,1,1,90660,76657,35769,1
217.936,8.49,40393,55466,17942,81870,65013,124522
847.5773,5.77,1,1,979,114709,110389,1
246.1048,7.04,98158,40117,93015,123562,144555,141705
861.618,5.73,632896,623088,570504,104242,98385,1016
199.0824,7.09,128745,131625,143218,85576,106471,1
814.644,1.74,138722,137195,122337,1,1,1
728.5628,1.73,7304,7475,5827,177500,171478,736
758.5973,1.73,1,1,1,205273,220749,1
917.3776,7.98,148188,155782,157153,75212,114579,816
371.024,7.18,135985,141377,157262,82628,107453,1
513.8295,8.46,4904,22249,21406,34545,29058,53081
366.274,1.29,152612,82250,149718,91537,74904,78879
415.1096,8.57,48413,47501,37730,106802,15607,182607
858.5305,1.77,105534,162038,258446,51880,56391,3189
453.027,7.18,149010,148959,157246,87012,114678,1
196.0584,8.8,39185,93588,137909,51950,59148,1
774.5647,1.73,1,1,1,228579,240785,1134
166.0478,7.83,92767,103291,95071,10386,5547,3391
825.5506,1.73,1,1,1,140695,124802,1
136.0374,7.69,76412,113847,59542,2848,2812,1
133.0377,8.74,177094,64700,129862,54755,61431,7004
821.6431,5.85,35456,114325,80920,103678,106714,202780
894.5833,1.73,51683,53233,35627,168782,155343,1126
406.0798,8.45,1,2596,28712,169851,185348,1319
211.9382,5.64,168748,111608,105891,100283,87560,62806
720.4925,1.73,141769,130637,129788,31449,28481,1
811.5336,5.52,373243,275207,397155,177633,200624,1
293.0236,7.76,121827,129165,128519,75575,103613,1
620.027,7.11,361869,232463,356372,177361,341535,328115
151.0644,8.39,1,1,1,100873,120876,1
409.0742,8.41,1,1,7568,106947,114343,11388
901.6041,1.74,21994,17819,30538,256137,244666,1
337.9781,6.82,105450,117762,126221,71407,94848,15337
802.6079,1.73,2540,1,1,190274,190637,1
452.1335,8.41,94060,80786,59537,93671,84890,126583
768.592,1.72,1,1,1,205852,205701,1
616.1634,9.56,1,10687,13827,186814,188019,1910
149.0512,6.89,98210,84086,110847,67914,83401,1
427.0435,8.4,172945,131824,184115,172017,70747,3342
772.5648,1.73,1,1,1,285238,278723,1
266.0551,5.28,1,11741,57982,1,1,1
888.5575,5.63,696008,653281,616444,571898,538549,1
89.0476,7.68,197916,206419,222045,71575,97114,330
864.5696,1.77,353101,324327,338590,1,1,1
122.0368,1.99,345532,225555,88060,66172,29043,200241
759.5859,1.73,1,73586,39575,150861,151289,1126
434.0742,1.25,44976,35777,60428,27955,32867,8902
824.6133,1.73,14692,11764,13041,194253,214484,327
882.5263,1.76,220590,226407,236299,21088,22625,1
302.0585,1.71,59202,52780,37029,22199,35365,64720
869.6127,1.72,1,1,1,153466,151803,1202
737.4997,1.73,190163,196787,176978,51825,52746,1
295.807,1.44,1,114081,1,1,1,149
2130.0991,7.15,51838,82093,41003,83736,80060,80803
204.03,9.24,98328,145822,153840,64169,83316,1804
210.0117,7.11,78149,59219,32417,75113,80606,71339
835.5351,5.42,280033,281547,201310,67387,89037,1
135.9021,5.63,39696,322741,298481,368597,376480,277179
836.6543,1.73,3636,3164,1,194258,197784,1
260.8236,5.88,372360,300279,285677,274409,279845,293451
577.0926,9.07,1,1,1,141290,142913,1
607.0812,9.11,256509,203632,194621,4086,1,1
438.8096,1.44,6324,157252,5143,8001,5037,1297
1030.041,7.13,122318,125052,123464,123009,122980,113101
196.0587,8.57,1,107644,55323,27448,12409,33839
144.029,7.15,235046,255678,358051,230952,239561,207164
266.0825,1.71,48684,41714,48980,40879,42690,56589
260.8234,5.43,72094,59321,127512,159046,194961,171021
275.0948,7.05,79482,73318,73048,72320,61939,87082
137.059,7.24,20296,99852,66988,64666,44756,89939
1085.0807,7.14,315870,350544,299708,294983,298965,251831
894.5788,5.64,1,1,1,271462,253299,1
294.0564,6.93,143349,10038,25408,60039,22846,16041
510.0896,7.14,101805,101744,107627,109720,112570,118328
948.0403,7.13,153747,158843,156698,166512,154602,142380
177.0546,7.82,3579,2542,1,67587,107837,689
782.5988,1.73,3012,1,685,172648,168973,1
388.0333,7.24,268033,1,1,1,1,1
166.0483,1.35,46922,27342,50705,20238,24864,44014
211.9383,5.43,58130,65126,77204,85201,55695,59071
286.0623,7.13,78483,84332,80100,82533,83341,78429
338.2434,1.3,146774,82947,111295,52845,81207,59601
737.5187,1.73,164673,171724,169398,16683,18891,1
834.5247,5.77,282648,267346,252593,9074,8993,2882
62.9955,7.04,45960,60113,56419,64066,54870,64933
412.8192,5.85,136267,137750,124634,99676,139865,123419
294.1861,1.29,1,1,1,56179,59153,1
774.5396,1.73,203293,196197,206895,1,1,1
450.0685,7.13,117954,287408,297126,295386,295702,331181
557.1715,8.11,118653,169058,294593,110271,195948,321
175.0481,8.02,81607,80041,48736,14895,16451,1
758.0339,7.17,132600,172591,108706,209426,131581,307730
137.8992,5.62,96440,88315,89638,144580,91746,1
442.114,7.04,87746,91382,93240,1,97945,100049
890.5693,5.63,1,1,1,271845,308792,1
860.0833,7.13,295829,309867,308959,314555,313440,325507
962.5561,7.14,134000,140129,137019,127497,133026,105094
760.5668,1.73,30321,31300,29443,149933,155261,930
75.0318,7.84,66570,71624,72835,45097,46029,1
903.6133,5.63,991,1,5000,258067,263873,1
849.584,5.77,1,1,1418,140396,126370,1
774.5887,1.73,34680,32857,30442,1,1,1
898.5965,1.75,21182,1,1,303418,305861,1
190.0256,5.46,23862,30742,63169,121589,45082,53756
839.5525,1.73,1,1,1,170136,153831,419
535.0295,7.17,131642,131771,137620,82231,104154,1
281.0419,8.68,20024,51548,91936,110065,127788,14908
375.0534,1.25,89864,53076,117997,74160,83056,22932
815.5664,1.74,151073,145224,121819,82127,1,1
429.0666,8.18,107264,116580,132556,6857,6815,1
281.0843,7.09,58310,61541,2508,36191,47827,262
362.1945,1.71,13128,37361,147015,10218,18423,3935
147.0533,7.22,96490,71437,86734,20102,27768,1
851.5915,5.78,1221,1,1,124644,137133,1183
310.2868,1.28,105116,83904,104737,49206,57590,927
893.5788,1.74,6068,6851,6791,191840,135266,2102
756.5519,1.73,52153,50572,49375,194344,182581,15987
1004.0457,7.14,254833,276417,135797,270098,257037,241275
763.5139,1.73,420272,421263,416176,171635,171727,1
895.5855,5.63,1,1,1,315856,291852,1
813.5419,1.74,1,1,1,1,1,1
863.5173,1.74,445510,846986,86522,1,1,1
154.0491,5.64,39453,23010,160546,1,103428,47271
758.0309,7.11,157061,137118,196440,120074,147061,149623
451.9284,6.82,78024,80911,102934,47218,48280,1933
862.5576,5.73,689795,685361,621278,1,1,2071
280.1697,1.29,8612,12056,1372,9260,6890,5035
843.5733,1.73,1,1,32283,137150,129728,1
354.0862,8.18,620,260,1,82915,106072,1
131.0494,8.39,49864,47242,51110,62779,64886,93450
808.5114,5.81,203663,189752,180433,7087,9774,1
289.0205,7.19,112476,123053,129689,52927,95881,1
324.0354,8.39,47747,103379,85108,15561,3664,1
300.0212,1.24,24130,25378,5083,18206,5754,1198
776.0226,7.14,90670,88302,85827,85842,81296,67758
850.6295,1.73,15480,14454,14086,149782,155331,1
557.1721,8.1,202269,299549,303998,80696,209275,368
771.5743,1.73,137307,134736,133951,1,1,1578
331.0593,8.26,688,1,1,113106,135690,1
211.9704,6.82,65042,68511,63706,45152,47196,10400
185.0804,7.24,15539,156035,164203,154260,114194,93738
840.0341,7.13,167898,322717,320649,168591,143333,328689
213.0975,6.68,74807,70559,83087,41765,85556,1
617.0332,7.17,121069,128725,134928,73125,97004,1
175.9543,8.48,26403,18691,23669,59612,71253,21868
673.142,8.75,354,1,1,112284,121272,1
614.1573,9.56,161732,183780,198737,361586,408253,4868
215.8399,1.44,1985,111296,1313,4797,771,1
873.6403,1.72,76448,75575,76793,1,59875,1
201.0616,7.76,61834,89082,94262,67826,71800,457
192.027,8.79,87665,1,1,44055,28341,11093
304.0303,9.24,103366,130824,136474,71149,108489,1391
488.1858,7.95,53410,41757,47956,60417,51117,1
776.6184,1.73,1,6909,6101,124296,122947,1
903.6116,1.76,1806,6865,10440,206816,165286,1312
293.0877,7.94,62953,83983,58304,63051,66186,1
417.0287,1.26,10311,34453,44578,38414,44720,38995
1086.0528,7.14,191326,229237,220407,213119,219426,197830
486.03,1.34,38584,815,35885,467,34192,1281
293.8087,1.44,1,79785,1,1,1,1
699.0362,7.17,117766,133690,140387,77356,94618,1
222.0598,7.71,27005,183014,59477,41433,167460,85141
2150.1575,7.14,114296,105415,101800,104578,103231,98934
773.5654,1.73,16212,11057,1,239380,247989,1
873.5934,1.73,15497,1,14394,103320,37854,1
213.842,1.44,2741,101128,261,2359,1,1
921.0646,7.16,181628,295809,278574,286334,276813,293545
213.0978,6.56,93362,92736,98621,64211,82840,1
715.5166,2.37,258275,38884,54784,11362,17807,1
216.0402,6.75,230711,245283,236103,319273,333345,94834
347.8787,1.44,16054,36989,4384,37212,14023,1149
572.5038,5.64,225729,260997,137686,228641,73006,114884
422.0132,8.4,61398,53477,177135,4330,4072,1
873.6131,1.73,1,1,1,64205,58589,1
340.2072,1.53,131627,137312,152188,111225,48859,131875
810.6296,1.72,1,1,1,140930,143440,1
405.0603,8.55,66728,1,1,1,1,283
964.0595,7.14,181529,194519,184721,193432,173268,141919
189.0292,6.18,79918,21105,55044,76403,74174,67115
378.0931,8.05,33163,34831,32040,48991,43982,13180
1003.5584,7.14,131040,151741,125112,10689,119091,95698
168.073,7.04,89280,89809,32017,64487,1,22823
900.6043,5.63,1,1,1,446932,389183,1
884.5438,1.79,276487,1006235,79410,219408,22621,5479
1607.2095,1.73,1,1,1,145539,161058,1
676.031,7.11,125262,100835,85317,96186,99718,248879
815.5664,5.54,155500,141716,167364,1,1,1
723.5192,1.73,107350,101297,102464,101131,108733,1
144.0288,7.12,108184,131275,112189,237490,256435,102575
1589.1372,1.73,1,189239,1,1,1,1
326.1323,7.96,71286,65640,65149,76856,75637,1
846.1743,8.75,140200,165280,161432,13913,16987,1
574.227,7.98,106955,101062,101762,40032,48510,1
216.0402,5.37,16283,29312,42476,42830,38514,52616
374.1074,1.24,52180,18215,62235,9387,19193,23320
160.0018,6.81,1,73670,83374,1,60084,1
260.084,7.31,40670,41177,49407,33126,52240,91827
490.2845,1.18,152134,73306,108880,77599,129526,50280
759.504,5.63,163952,164939,163052,28440,28467,1
146.1057,8.78,85502,84191,84577,56047,69610,466
596.5493,1.71,18630,21481,15591,22447,29084,3114
781.0394,7.17,130381,120588,146679,71702,95928,906
362.1806,1.77,1,1,1,1,1,1
378.093,8.14,73578,54904,48671,31929,11287,11125
75.9471,5.69,30377,1,26349,6286,1,18564
634.0406,7.26,1,5975,53049,1,1,27858
336.1463,7.08,1,1,1,29785,1,1
260.8235,5.32,62421,74538,72248,71285,46770,40905
865.5792,1.73,225790,191072,224595,1,28772,611
354.2072,1.33,2962,44086,2862,900,2610,1256
317.1323,7.31,68571,51741,29509,84798,87858,68134
226.0335,5.45,42225,106519,28289,98489,95795,26752
736.1301,7.13,1,1,1,1,1,142948
137.0574,7.04,18851,73480,62648,8185,85881,54278
730.5705,1.73,6435,6924,6485,151694,147172,1
871.5921,1.72,69622,1,71794,105905,1,1
274.1114,7.27,43543,23896,17532,10860,1788,41868
859.53,5.68,277273,303015,89084,55232,45445,639
716.1051,8.16,126949,137170,142491,1,1,1
124.0551,7.09,168678,65017,1,44849,27881,46274
807.5019,1.74,63122,58141,37440,1,20379,1
561.8817,1.53,1,27283,28617,1,1,1
872.5303,1.43,1,1,1,120727,127930,1
192.027,8.67,206196,5121,1,72547,8425,23127
660.2755,7.97,127785,136859,131993,33434,47104,1
689.1786,8.18,146010,39424,63987,13164,14048,1235
759.5059,1.75,136299,148795,146907,32690,34740,286
784.6118,1.73,1,1,3717,124029,133315,1
718.0528,7.14,413386,434327,415322,416993,404115,336866
1004.0525,7.14,259290,284953,261164,280673,264148,255188
413.8895,8.47,53515,70429,72546,37480,81125,144602
1842.0759,7.14,292859,300874,276995,290547,285125,271808
560.1823,8.1,1,1509,297,109420,106503,1
871.627,1.72,107484,95768,105717,73898,84912,1
726.5569,1.73,5967,1,1,151564,160324,1
213.0726,7.68,82947,76866,52233,51470,62608,373
667.0659,1.1,1,135094,1,1819,18144,28283
247.0825,6.51,77157,85408,81935,52555,64199,317
462.1241,1.21,74033,15824,53382,15355,25625,20545
254.2246,1.3,95066,75142,90223,48424,48422,509
208.8732,1.45,1,61556,1,1,1,1
594.0281,7.17,83932,94652,119254,184410,90174,103354
307.0965,8.39,1,1,1,1,1,6351
2068.1472,7.14,87594,94038,95585,88223,95240,86191
212.0137,8.72,47283,51046,56545,46385,60282,53678
1986.1491,7.14,76457,81723,85830,88890,84878,81374
474.2898,1.77,84865,63230,19232,75099,45757,1
1603.1988,1.73,1,1,1,148720,161511,1
551.0948,8.75,1,1,1,92028,98402,1
707.6409,1.23,119633,125085,138511,27934,29335,1668
940.0307,7.14,68591,71266,72186,71398,66212,56853
434.0829,8.19,1,1,705,101288,59085,1
728.5492,1.73,117750,111872,115095,59479,57115,1
838.6622,1.73,2422,1,2352,115061,124397,1
209.942,6.7,1,13371,1,4203,16426,1
894.5728,1.73,124902,126283,130484,70147,59290,673
1086.0485,7.14,174202,205135,193007,198824,185795,174826
548.3143,1.27,111111,106883,114797,94226,93393,1
501.2092,8.38,85775,87610,98496,57668,61053,4659
843.5631,1.73,1,1,1,120236,121862,1
1910.0904,7.14,53370,41108,44918,51481,19049,42214
299.9523,1.35,40623,1,1,1,35136,1
910.5549,5.62,613924,559944,559569,131606,111964,14865
197.9308,9.06,35509,44261,64783,77368,69490,77401
368.1603,7.23,85523,44163,98728,62063,154488,301520
772.5788,1.73,1,1,1,216727,214051,2119
329.0535,8.39,4937,7173,7813,56282,64770,1
1595.1659,1.73,25139,20653,20675,99208,101814,3129
776.8341,7.14,35535,42746,42496,40551,37956,32338
211.0458,7.34,69674,76127,71214,43271,50779,622
347.063,8.38,93386,82945,35812,1,4120,1
158.0049,6.98,127987,1,41494,47268,20237,1
151.8945,5.57,195413,273850,1,109845,101743,46397
294.0561,7.67,35624,1,88797,1,9018,1
816.653,1.73,11079,1,1,118834,109596,1
2156.0981,7.14,77103,86004,78093,81485,32944,67289
812.637,1.73,2536,1,1,134027,129523,807
186.0849,7.24,3276625,3305405,3630350,3381370,3408495,3531561
155.0696,7.25,43375,59301,73617,52412,52676,48951
793.5639,5.59,1,1,1,180327,190482,1
743.5469,1.87,83398,22990,1,98097,25452,1
289.915,5.65,74076,73883,61117,62712,36054,41563
273.1051,6.18,172947,32774,80826,184557,65133,119629
410.8213,5.84,49709,114321,12111,103677,110719,202763
266.2739,1.3,1,1,1,56718,55052,1
856.6481,1.72,1,1,2158,107842,102076,1
868.5228,1.43,138722,130733,131196,82530,72477,1
650.0981,9.58,104258,138579,107576,70918,75371,835
389.0205,8.09,66923,47471,20775,33274,35367,1
209.9418,5.43,121167,128549,139078,78477,130144,78546
731.5425,1.73,1,1,1,61310,63635,1
795.5736,1.73,131687,124531,121386,285640,288195,1
294.1833,1.49,17712,38042,55972,41019,41840,21940
772.6074,1.73,1,1,1,122208,115931,506
822.5368,1.46,136261,136153,135169,75158,60830,342
309.1064,7.34,74687,73359,81661,40621,63040,1
159.9969,6.81,334117,342951,391468,255277,302943,62937
858.6581,1.73,5360,5489,4376,118388,131244,1
209.941,5.66,200170,158741,63977,73889,79047,28507
852.6342,1.73,4541,1,2892,1,1,1
758.5616,1.73,1,1,1,104308,101056,1
854.0853,8.4,165438,79892,172022,132936,148176,1642
412.8189,5.35,78994,68787,75003,75504,46828,79101
776.8528,7.14,39135,39662,20319,1,1,29347
246.0499,7.84,71473,66216,69050,15188,20722,1
205.0554,6.19,80015,85251,114243,24875,26607,4187
287.9192,5.65,27655,46157,41621,10458,43241,12035
2048.1832,7.14,136791,143984,134577,142986,139061,144412
372.0723,1.26,24971,14571,20467,12766,17648,3832
352.0388,8.38,9326,6149,7610,16254,7481,40331
699.1426,8.17,1,2642,3919,66043,106359,1
729.5312,1.73,112726,111872,118205,59595,57115,1
109.0196,7.58,50894,57254,60641,28272,39701,1
228.0726,7.97,29379,31826,28081,28172,52119,753
352.0788,8.38,1,1,1197,64088,40183,1
277.9986,7.1,28580,26142,12627,20108,24746,30919
198.9882,8.46,57620,55117,24668,34148,67355,15413
891.5989,1.74,114538,92089,83939,96092,94397,1546
1992.1058,7.14,86726,93794,80564,82541,82130,77659
133.0374,8.71,340963,110350,108381,99635,59252,6894
840.6658,1.72,1,1,1,95136,96495,1
423.0946,9.17,69424,84157,89216,30467,38159,476
330.2557,1.28,56777,58192,62399,58683,53175,1
247.9945,8.89,64414,65508,65080,65728,55914,12359
1589.1603,1.73,157855,150067,1,1,1,1
282.0857,7.3,32856,30732,44948,40714,66793,35069
302.1735,1.26,50149,71560,80622,81574,74600,1028
690.0044,8.88,97198,106768,108729,2723,4289,1
776.5988,7.14,55980,53925,55397,56809,51011,43811
2060.0867,7.13,121326,121464,121797,120795,122296,117697
845.5699,5.77,1,1,1,72373,68868,654
1503.1451,1.73,1,1,1,1,1,1
128.0588,7.98,65782,51180,58983,36590,28632,1
762.5866,1.89,193858,279016,279111,46061,63717,1
912.5645,5.63,104739,101842,104707,98386,92267,3400
489.1697,8.37,60329,66129,71866,42333,42795,1
594.0287,7.12,90335,89351,74670,193123,79983,81364
842.6748,1.72,1,3269,3663,112992,101548,1
895.6299,1.73,102357,91932,104354,47684,43362,591
160.0737,1.72,888,1,432,810,1401,2096
455.1037,8.09,7008,1,1,69294,75877,1
1063.1697,8.18,74009,77988,92704,1,1,1
195.9629,8.44,87197,86268,93881,101259,96057,82051
838.5493,1.74,22224,1,59290,197023,192078,1039
262.0105,8.86,52551,49309,44841,21225,53020,1
1729.1407,1.77,1,130140,150369,1,1,1
450.07,1.23,46596,32558,57904,41866,43138,18407
1501.141,1.73,1550,9824,9616,89004,96187,4239
732.5786,1.73,1,1,559,119562,111943,2070
122.0368,2.13,344200,89361,59818,98729,54662,1
834.5256,5.76,279940,324232,256286,8805,7064,2790
636.1493,8.41,105722,117129,138147,60820,74151,2415
1904.1411,7.14,76387,81638,81831,87836,72276,81549
302.2245,1.29,36896,34161,40610,43183,45743,5335
825.5601,1.73,1,36149,1,149887,138977,1
761.0854,8.74,140208,124906,112519,13831,11500,369
404.0742,8.45,184506,160782,154252,291275,353185,1
573.4886,1.24,112141,90605,116357,33054,28785,1
415.853,8.46,10573,21821,24048,26707,22769,38675
1507.156,1.73,1,1,1,95883,95784,1
267.0069,6.21,52665,33582,60746,59005,76984,43654
779.54,1.73,2482,2951,1,69917,65330,1
292.0905,8.62,25207,42750,49006,50604,51970,14677
886.5578,1.86,28937,1,1,1,59037,1
433.1219,8.1,351,439,1,61894,84748,209
435.9548,6.81,49533,31157,36638,20949,49323,3042
699.0878,8.1,69811,62673,54932,11040,12112,1217
238.9961,8.6,13088,62724,72372,41790,13882,1
287.9519,6.65,1,1,1,1,1,1
132.0536,8.09,51303,53240,55123,26940,30848,1
275.0945,7.31,36407,18095,26248,28464,20413,26186
410.8218,5.35,45255,73490,76234,83777,78457,77646
508.0908,1.23,41892,15636,45367,13828,16142,9823
1787.1589,1.74,1,1,1,71538,1,1
358.2874,1.27,66019,73159,78634,36165,33301,1
355.9504,6.82,41459,51066,54890,25022,21530,744
171.0563,8.32,1,11418,16003,16219,14577,15341
333.1369,7.32,82355,66691,63283,13902,23400,1
192.0269,9.11,1,21257,52856,1,1,1
413.1022,8.56,35970,6064,44036,21001,17290,274
289.0834,7.58,70082,59788,71764,30632,40816,1
1653.2348,1.72,1,1,1,108934,105103,1
311.1329,7.68,62815,66776,63366,29207,39212,1
264.2666,1.3,1,446,1,38560,39453,1
773.5747,1.73,1,1,1,226679,230493,1
908.5402,5.62,83904,79977,82523,7956,5510,1
240.1363,1.31,29788,16893,19208,16411,19973,4321
274.1107,7.05,7531,43687,48041,17214,26394,47194
854.6246,1.73,4642,3724,5872,88527,100286,1
853.5975,5.78,1,798,1,94635,82576,1
405.0751,8.42,195064,176345,167019,135697,163896,1
1551.1571,1.72,1,1,1,1,1,1
360.0025,7.1,45688,36191,21992,28762,28188,25496
837.5511,5.45,161391,307811,253673,164408,182475,5334
299.9618,1.16,169325,173402,175407,177292,11249,154698
687.4831,1.73,72918,68029,60738,14266,13225,1
854.6416,1.73,3686,1,1,93661,94385,1
771.5423,1.49,72137,81258,83832,21575,21651,486
774.6118,1.73,1,1,1,129621,116066,1
319.0835,8.67,61470,57462,56740,24226,36512,1
442.0053,7.12,73042,60891,56367,65721,56354,54369
240.0992,1.32,2866,1088,1,2205,1169,1042
270.1469,1.73,2652,2634,1201,1950,2305,2290
218.0375,7.58,88236,80213,87822,34070,54114,1
499.9604,8.47,16436,27486,28287,35590,34193,64536
890.5746,1.76,103162,100237,97092,426446,90434,10621
776.8426,7.14,40420,40706,43471,40458,36893,1
786.6205,1.73,1,1,2447,106773,97040,493
910.5728,5.62,239106,213435,239023,72080,52031,1
404.0034,9.54,50124,45080,60031,10272,13732,1
247.9944,9.08,57514,60762,53339,56692,50108,57526
914.5735,5.63,1,1,1,157383,164140,1
818.6587,1.73,29840,31754,29896,70495,73133,1
394.284,1.28,15594,5168,13251,2974,5237,5263
2010.0947,7.15,8727,36841,68345,34299,71162,77609
262.8568,5.88,1,1,181,1,369,1
390.2987,1.28,57146,26503,59443,9989,23933,23356
621.1347,8.39,51547,63195,81772,1,449,1
798.5952,1.73,20688,21641,18355,180471,176719,1876
390.1333,8.32,40278,37256,32418,43242,42280,32457
344.0439,9.23,46250,62889,47260,22355,30907,1
297.8058,1.44,1,49052,1,1,1,1
160.0388,1.71,29050,28325,25131,24325,26763,7241
445.092,7.1,61385,62829,70436,40597,53944,1
860.6625,1.72,1,1,5175,106767,116391,1
1553.1566,1.73,1,1,1,137373,131836,1
798.5759,1.73,12219,12329,12019,208766,225306,4492
866.0363,7.13,158598,159150,148058,69214,166835,146916
908.5397,1.75,95780,93030,96286,10979,10484,1
357.1111,1.75,61222,57543,68758,2163,5095,1
1822.1443,7.14,56020,59329,57809,57922,53795,55975
525.0181,8.43,18120,89410,80144,51952,60504,186
833.5132,1.79,1,46934,139987,6888,1,1
893.6131,1.72,79195,77343,75746,60675,58195,1
268.0799,8.4,48680,46852,51177,13172,15083,5739
228.2091,1.32,58022,68491,62390,28475,31001,8298
146.0692,8.14,31394,42740,62486,39402,32320,1
734.587,1.73,1,2722,1,77163,69053,1
470.0366,7.2,323269,425136,199446,386164,360529,108288
776.8184,7.14,38038,1,36665,35260,1,30924
826.5449,1.46,1,1,1,94566,102585,858
784.6021,1.73,1,1,5074,1,117539,1
474.2894,1.24,388114,105125,336353,369636,399374,83059
104.0109,7.04,37605,19065,32966,39891,37305,37456
709.4519,1.73,67054,71185,71393,17631,15780,1841
809.5187,1.74,52745,59050,59829,23053,35226,1
196.0586,8.28,159219,85351,116728,1,53663,59576
905.6225,5.63,1,1,1,117564,121986,1
696.3206,1.2,42445,31529,27316,28971,32970,16518
921.5553,7.14,74102,81696,71661,67521,73482,49486
2048.0943,7.14,78047,83869,76046,76772,56253,68779
363.0882,7.1,66612,59923,70193,38704,53701,1
360.2956,1.26,1,1,1,45665,44926,1
859.5323,1.76,255077,274653,234920,52736,54716,1
257.9734,6.81,36887,42510,50178,23478,29328,1
475.1578,8.74,95671,73348,37211,63086,69452,1
651.9611,9.68,42978,33410,27592,41480,35641,70397
446.0593,8.9,58728,61179,62429,9542,8771,583
129.0427,8.39,35096,41182,48219,17493,27512,1
1595.1583,1.73,17134,15264,17082,106446,97654,3655
795.539,1.49,43030,44853,45218,31621,28035,1
831.599,1.73,78886,87719,88333,43242,43791,1
243.1838,1.7,31372,35921,21475,34841,24523,21076
390.0841,1.25,27089,5310,35471,5511,13376,1
342.0834,8.37,7384,6710,6483,12418,13444,54079
803.5648,1.73,60641,56957,54739,1,1,1
262.8684,5.83,1,1856,1,1009,1,1
1505.1424,1.73,1,1,1,1,1,1
99.9631,9.06,29966,32906,26029,25588,30810,29033
1439.0721,1.73,73937,72362,69815,73434,98128,1
212.0134,8.53,33625,50899,30843,39639,27733,26477
250.9955,6.18,28840,33558,38568,33637,42704,40610
218.0368,8.22,57554,54494,41942,44459,41338,1
196.0586,8.72,61820,102307,137909,28203,1,55085
135.901,5.42,52810,47922,72293,35679,65339,63179
807.5151,1.74,59944,46082,54844,21956,25053,1
246.0973,7.97,1,987,1,48737,57804,1
323.0515,8.57,35568,69110,77882,11805,10120,1130
280.2407,1.3,62533,31206,48690,27658,35446,4947
592.0928,7.13,48249,51990,56947,55008,49329,63222
291.9113,5.66,44353,24425,44901,38853,40923,30929
312.3034,1.27,69592,38162,58125,37046,41841,28052
561.8811,1.44,51803,17694,38352,32666,188318,12569
600.5081,1.24,75190,65503,86099,21982,22962,1
213.9343,5.64,30218,32432,33195,31381,23258,19006
328.049,8.26,1589,2238,1754,34149,41020,1
527.0942,7.1,52554,59072,67267,35726,52416,1
861.539,5.68,1,1,1,131978,127077,1
167.0241,5.56,203781,179978,250147,16314,15383,1
1075.0692,7.14,79949,71729,66358,68982,69232,68401
917.5924,5.62,1,1,1,126008,92504,1
834.511,1.74,243591,212918,239872,91641,81793,1
329.0664,8.38,34301,29472,32730,22455,32790,1
733.487,5.68,96668,96299,94496,11122,10215,1
674.4892,1.73,68624,60607,62098,11488,9135,1
220.8532,5.88,51621,52907,25708,55495,64382,52160
315.1264,8.61,13604,106714,21462,33603,27144,1
281.0408,8.66,60170,108569,60845,35653,110703,9120
362.1946,1.7,13028,4939,16887,10195,18197,3935
915.5894,1.75,50600,42200,58329,115881,109173,10838
294.296,1.29,1,1,1,43934,44292,1
289.9151,5.41,39606,43811,45072,25026,31641,29713
549.9044,6.82,33051,46371,52028,23761,33564,1
733.4866,1.75,88873,82288,87023,17878,13397,1616
833.612,1.73,62873,62425,60345,1,1,1
1041.1894,8.17,63230,68600,84824,1,1,1
335.8868,8.47,15649,27141,24258,26093,27159,41263
634.1327,9.56,50001,57050,56660,29922,33560,1
329.1146,6.88,50368,47510,55162,17748,44790,1
631.1201,8.39,45655,56786,70680,2145,3833,1
355.0686,9.12,57473,47259,53945,24611,30010,1
1104.0288,7.14,1,1,1,1,1,1
860.0975,7.14,192126,202606,209647,212038,209152,231758
286.0803,8.46,44442,44031,46505,9380,14916,1
378.0931,7.93,11671,12184,19418,33833,11990,3319
479.9919,7.15,34517,24185,25900,23353,44008,32872
665.4269,1.73,89554,64996,83697,17082,18624,1138
89.0476,8.56,39569,44712,50389,19197,9786,1
351.2775,2.16,19009,55900,18738,24448,24217,36559
223.1421,5.85,43107,68565,71303,28133,10006,1
794.507,1.48,60157,60080,62025,13146,14068,1
260.8234,5.84,109266,92422,99024,109391,99929,126264
332.2717,1.28,31625,34273,36514,33212,31840,1
292.2896,1.29,1,1,1,34169,29556,1
524.0063,7.13,61593,56412,44139,64565,58677,49714
831.5263,1.73,60088,66713,66354,52776,52418,1
146.069,8.22,77679,66957,51782,34676,43714,1
93.0418,7.43,1,1,1,1,1,1
753.5831,1.73,3364,4086,4489,188803,182604,1
1085.4303,7.97,74293,83441,83473,13948,18483,1
948.0348,7.14,147916,83000,65697,56970,151704,142224
421.029,8.56,36157,48843,50071,5555,8831,329
239.9345,1.44,1241,60192,4612,5041,4231,716
1992.0866,7.14,70645,81579,67766,68088,70598,66796
569.2126,8.11,66746,69805,44973,44350,48816,1
366.3504,1.26,46964,57533,55316,24313,26191,1326
316.8411,5.91,45610,29016,41648,40309,17383,32816
294.0265,9.09,30847,25397,16933,13732,33494,21879
790.634,1.73,1,20005,20700,61932,63158,1
230.0034,8.9,50831,37340,38175,37031,30440,5546
380.0899,8.31,23423,17954,10994,3114,16794,2178
785.5219,1.74,55667,50483,46465,21542,21316,1
562.1192,8.14,65005,58580,61526,1,1379,1
227.0832,6.56,50395,40334,41218,26947,31721,1
450.1045,1.25,19376,5730,22005,3893,2178,3061
131.0584,6.62,39071,41909,48973,1506,8115,1
318.095,8.37,37022,45850,44897,37010,41130,807
841.5588,5.78,1059,1048,1,51751,45860,1
408.1947,1.36,54769,19912,25054,35482,28909,36014
333.1372,7.22,46678,44958,47243,6568,14285,939
831.3321,7.98,49282,25724,49183,26112,28986,1
776.6107,7.14,1,43037,1,41187,39946,35581
262.0099,9.03,34750,33376,20802,24476,39050,25213
234.1621,1.24,40294,17615,24322,22099,14340,9763
688.0115,7.13,58256,25821,20121,47824,46770,42939
1214.1062,8.89,1,103058,106967,1,1,1
352.2281,1.3,41968,24466,48149,18428,26148,23999
398.2324,1.34,1684,24920,1395,5103,1601,1
905.6223,1.75,3891,2142,3181,78022,80288,1
843.5651,5.77,844,460,4790,46715,41791,3055
862.6725,1.73,4543,4843,1,77465,88620,598
609.0997,7.1,51313,52657,59132,40787,47782,1
294.0561,6.95,31378,1,1,60039,22846,16340
262.8539,5.89,1,1,934,1,1,1
872.6978,1.73,57341,50643,60482,32628,35543,567
865.5702,1.77,1,1,1,161134,219057,1
300.8734,5.89,8476,35782,34085,14991,20588,12391
276.1153,7.3,40926,59651,68855,62321,40340,72504
772.5238,1.73,48103,51820,46095,41774,41585,1845
233.0206,8.56,3744,1,360,36622,38939,403
1521.2057,1.73,1,1,1,113224,103086,1
232.0681,8.03,41628,43557,45540,11593,13677,1
2048.0589,7.13,40062,23851,29845,53312,47847,45673
209.9417,5.64,202108,14916,33632,47772,139767,124901
705.6248,1.23,70398,79690,65277,20076,19435,1
917.592,1.75,19235,4965,15658,74679,59333,9354
986.0175,7.15,25849,32457,54777,39817,40796,56626
602.016,9.52,50811,59577,60315,9650,5618,1
621.0308,7.13,72095,40641,69527,65054,69217,67126
416.3132,1.27,46748,40022,50373,12247,16204,1195
289.9152,5.66,85949,83806,72910,73731,67340,45475
519.0756,8.17,34494,36992,47657,1,1,1
287.9194,5.65,51602,46249,46617,8752,45137,35019
260.0843,7.05,13158,23158,39638,34077,38558,39101
171.051,8.37,3132,2326,3472,3166,4824,8998
474.3129,1.22,1,1,1,1,1,1
217.8372,1.44,663,47534,1,203,552,1
689.1803,8.18,143001,152723,165709,12964,14003,1106
846.6822,1.73,236120,197537,226807,204735,204930,1404
320.1053,7.04,37113,41787,42022,41595,43228,40094
314.0859,1.39,1,1,1,3009,1,1
1503.0978,1.73,1,58944,56398,1,1,1
404.0025,8.88,39015,33827,33906,1348,1212,1
596.5495,1.71,19146,20459,15013,22233,28633,3216
306.2562,1.28,25083,28578,27685,28306,28865,971
552.0385,7.27,1,1,1,1,1,56724
579.0962,9.08,329,1,1,44518,50017,1
237.8865,1.44,1,47042,1,1,1,1
360.3016,1.26,41260,42641,36106,21068,19958,1
192.0267,9.02,36081,1,19894,1,19295,7363
197.9832,8.76,23611,20579,18131,25922,23629,27016
265.9846,8.92,28625,35830,38589,30309,30278,2132
78.0116,8.38,38872,31913,37258,25410,23734,22924
174.1117,8.74,41437,44072,45841,29665,36038,1
397.9882,7.1,12506,10648,7055,8648,11617,46379
294.0556,8.22,25508,16131,1,1,14396,1
239.8846,1.44,1,40910,1,1,1,1
498.1746,1.74,8266,4027,8872,5198,5063,36620
862.5449,5.68,1,1,1,1,1,1
273.1059,6.32,14709,16981,10071,21250,48350,13004
837.5469,5.44,366544,88078,71084,178815,181626,3237
331.9262,5.49,1,25828,16190,29830,17066,13300
321.0698,8.94,22947,35965,30364,7917,2703,1
231.0769,6.19,50286,23988,58268,47909,27179,31697
445.8264,8.47,26784,24683,30787,40256,13599,64332
1507.0632,1.73,43782,30587,30890,55461,53060,1403
754.5419,1.73,1,1,1,211737,194281,1070
329.0501,8.28,1025,7266,1879,327525,396656,21256
1004.043,7.14,248703,278494,255939,271261,257890,242163
773.1031,7.1,43368,48344,53873,33570,39238,1
735.4861,1.73,37734,33575,34950,10301,11487,1
1085.1553,8.17,55854,60825,61941,643,1,1
368.1598,7.15,31788,30724,1984,7953,27300,39617
282.2559,1.46,97858,85396,77068,45099,1883,52991
538.0381,8.4,14550,9663,11519,19779,18932,33637
317.1544,7.68,37800,44956,52500,24716,34009,1
746.5112,1.49,52030,52929,56172,1,1,1
1537.2224,1.71,1,1,1,1,1,1
1549.2289,1.73,1,1,1,74285,67083,1
211.9379,5.65,88600,114789,64684,64647,70042,21175
139.0385,5.41,34803,56537,35213,1158,13919,16138
530.0534,8.25,43357,34370,37912,15332,22815,1
754.5816,1.73,1,3088,3661,225906,217096,1
339.2774,1.24,31665,42496,34137,19294,17409,1
284.1213,7.68,39927,37229,42479,15417,25779,1
122.0368,1.38,18635,18934,1,26693,21617,10524
681.4206,1.73,40627,43502,34348,5867,11732,1785
220.8529,5.34,14102,16156,7732,8667,18461,17196
2010.0998,7.16,71853,42568,70500,72465,72251,75877
368.1604,7.09,28554,34531,20107,24731,25924,20373
214.9392,1.43,5557,40476,3737,9522,4657,3591
878.6306,1.73,1222,2357,1,60511,62371,1
880.551,7.14,47617,54610,51234,47000,52249,34772
399.1266,7.99,51301,29453,53050,41438,6848,1
945.0465,7.17,64167,70531,79418,41153,59497,4991
334.0985,1.76,37793,34592,38802,22299,28944,1
262.0106,8.66,19338,18140,15254,18475,24474,26158
737.5206,2.21,11079,17826,23059,610,1,1
771.5538,5.63,1,1,1,75376,72954,1
139.0383,7.04,14150,24601,29605,22540,11046,26151
713.4995,1.73,61491,54349,50350,18996,17228,1
737.5348,1.73,2239,2872,3701,47001,42141,1
1501.123,1.73,22992,25190,24942,85654,85842,2328
633.4016,1.73,54763,58934,56477,21607,17939,1
229.072,6.77,19899,36786,36898,17389,25515,1
636.1488,8.41,66320,53005,49727,58805,72254,246
691.0995,7.1,43121,45825,44684,31126,42677,973
636.1389,8.39,1,1,1,59206,1,972
2156.1061,7.14,86842,98559,88090,95244,93174,81554
667.1498,8.1,49924,59721,58799,8377,12117,1
281.9598,1.17,8846,5603,5571,2851,6946,9477
1541.128,1.73,95271,95646,101673,1,1,1
382.2372,1.3,3082,11945,6128,4370,2687,741
308.0811,9.56,1,1,15677,122734,133062,873
820.6611,1.73,20409,20432,22864,54578,45465,1276
144.0291,7.27,1,1,1,1,37318,21120
372.1116,5.67,58047,35533,13292,50790,104848,59207
298.876,5.89,35985,47607,48110,8880,29130,23726
1068.0174,7.16,46816,41880,27355,31493,25566,51599
582.039,9.54,122945,126252,122597,16602,20905,1
321.0696,8.97,30785,35248,57173,6274,3676,1
1029.2417,8.75,26261,32627,40648,1981,2119,1
518.7755,1.44,200,47827,1,1,1,1
117.9417,1.44,10645,108253,6810,8950,7102,1062
683.5968,1.24,52899,52232,55439,12745,9674,411
271.0993,7.29,7503,38226,21717,18318,27672,29665
412.0288,8.39,37561,29503,32188,1,1021,1
577.2369,7.98,790,1,651,45777,49377,1
891.5776,1.75,42420,44203,41474,323340,290946,1039
874.5487,1.43,1,1,1,53494,52881,1
499.9606,9.06,7094,9683,13499,14882,14697,26335
251.1525,1.22,34041,13319,22155,19533,16013,6073
703.5114,1.73,44339,48848,46829,29645,30214,1
448.022,7.14,40757,42828,36216,38782,36343,33045
735.4742,1.73,39222,42530,1,1,13194,459
1731.1465,5.73,154763,151096,152217,130046,107623,1
904.0146,7.17,26812,32281,37488,27033,40500,40226
323.0883,6.18,28638,31490,16231,46784,40590,47370
215.0558,8.21,51168,44637,39551,1,8421,1
927.6229,1.74,20130,12473,2813,60821,53637,683
796.5129,1.73,49821,52849,50792,18784,1,1
62.0257,7.46,1,1,1,1,1,1
740.602,1.73,1,3933,4444,42260,42938,1
139.9925,7.97,24021,23033,18264,29002,23288,1
157.0351,7.84,30456,34945,27425,20651,20374,1
287.9329,6.68,1,1,1,1,536,1
856.2123,8.75,1,1,238,57989,70042,1
748.524,1.49,43925,40465,40787,12747,10064,1
154.0492,5.44,13210,22945,57311,19589,88005,14014
556.9565,8.43,51380,44234,49454,445,13897,1
206.9825,6.2,23613,15395,27075,4011,43473,17471
688.5019,1.43,35566,29951,52238,9443,11129,1
779.5445,1.75,40624,1,1,1,1,1
666.4108,1.73,38717,39548,35756,1,1,1
139.9923,8.38,1,13977,7141,3879,6723,10582
240.0674,1.43,1,1,1,6046,1,1
666.1515,8.26,70286,61638,72808,3143,4680,1
253.0234,1.73,13789,18734,12758,20035,15250,7587
808.5092,1.87,7921,4650,4522,9772,1,1
339.2765,2.28,28604,9514,34960,16347,51679,13116
801.5523,1.74,42228,41249,41694,1,28604,1
225.876,5.9,43006,4938,43691,11880,45670,43440
345.1416,6.51,32530,40611,35582,25266,31176,1
533.9308,6.81,24335,30410,31965,21687,25463,879
194.1156,1.74,4137,728,5001,356,1263,6081
300.2092,1.3,10901,8661,21773,7120,5642,10622
169.9888,8.42,23612,28908,16837,26548,36866,1542
453.9265,6.81,18228,22948,28699,10747,20024,240
298.0539,1.29,108967,51796,124367,16998,56952,13281
575.4881,1.25,34444,35281,41856,13027,10789,1
380.2591,1.29,49987,26551,45477,27333,22385,30291
792.4933,1.48,45363,44322,45567,6674,6163,1
647.8818,6.81,20232,23794,33333,14542,17866,1
410.8217,5.71,48711,25267,9169,12909,38458,1
546.077,8.75,1,1,1,26778,31603,1
613.0741,7.14,105480,87561,94293,74228,83579,1
270.2664,1.31,1,1,1,1,1,1
196.1096,1.34,588,189,1,256,1,1
878.646,1.72,2817,1,3287,1,1,1
287.9452,6.71,1,1,1,1,1,545
1547.2174,1.73,1,1,1,52012,46467,1
287.9189,5.41,37360,32270,18440,13792,28808,24398
312.1054,8.38,21605,23052,24755,1,1,17378
295.0191,7.76,35178,30450,30736,20353,30961,1
635.4151,1.73,33928,37874,40102,25098,20954,1
186.094,7.24,106673,143609,160701,100934,156034,35722
820.6671,1.73,19762,18737,19827,46637,44822,314
890.5891,5.68,143475,86794,123733,1,1,1
297.0591,8.1,52227,50284,50996,29108,29334,1
316.0756,1.26,17890,2119,16953,7580,2426,3638
828.3252,7.97,48819,44666,49067,14784,18099,1
1011.0813,8.88,39871,32577,27150,1,1,1
1579.1045,5.68,29294,5034,1,15387,26983,1
394.1799,1.37,37018,20525,29676,26794,25556,18644
941.3642,7.14,30911,36239,33634,1,35678,26542
668.1258,8.75,1,1,1,42632,48577,1
819.5477,5.81,1,830,1,22338,24593,1
697.0827,7.14,88642,89618,86769,94604,88170,100807
834.5277,5.76,198466,190314,42196,9058,7323,1171
318.8375,5.91,15682,31591,18758,14463,30288,19619
1507.0819,1.73,26895,17782,18651,49661,47745,1325
404.0681,8.42,143059,156510,174972,128110,160306,361
775.5361,5.62,98027,76395,75814,34851,30629,733
431.8422,1.44,1538,44857,1,1,1,567
446.0391,9.24,27996,36337,31556,9568,14916,1
823.5323,1.73,29094,33254,29645,20596,20435,1
130.0629,2.29,58551,1468,2896,3498,1,1632
870.5366,1.44,71975,69145,64734,45124,39164,1
837.553,5.44,209660,217411,215128,135492,253547,1674
273.0963,8.42,27725,34513,34169,10962,20558,1
364.2582,1.3,44076,37376,46928,34922,27449,5742
271.0999,7.04,28247,35273,18021,28093,30851,35726
689.1321,8.1,33713,42238,38555,8334,9838,1
809.9532,9.68,4223,5119,10029,7237,7476,2629
1455.1228,1.73,1,1,1,88730,80474,1
394.3787,1.24,1,1,1,5915,1,1
691.9781,9.68,4156,3286,3286,5273,1,2338
287.9577,6.71,1,1,4324,1,1,1
352.0606,8.39,1,485,1,10403,13034,1526
782.6391,1.73,1,1,1,39101,40078,1
349.8766,1.44,12908,6831,9247,18423,11324,3249
742.6131,1.73,1,1,21612,42144,42755,1
551.2892,1.27,41828,51273,40737,34237,37191,1
964.0268,7.17,1,42593,57178,26644,26355,37731
222.1618,1.25,26413,19945,31497,5680,16817,1076
461.1751,7.77,36380,36423,34659,24772,33849,1
320.0341,9.03,30807,35705,34927,14545,22720,1
915.5844,1.75,47002,47059,50287,115855,109908,9362
689.0837,7.17,38000,36304,36919,15503,20279,1
829.5096,1.73,39889,46909,48665,23411,23896,1
227.0819,6.68,27400,25530,21317,14691,28464,1
448.2783,1.29,49069,23516,38387,31411,25630,18802
291.9111,5.65,48538,17178,51560,43026,44128,34910
338.318,1.27,34914,35343,40124,17197,15322,1683
262.0802,8.38,27667,27621,29938,10913,17259,1
290.0948,1.27,26178,23193,27668,30529,25516,21771
1068.0316,7.15,1,1,38522,1,1,23377
441.3087,1.27,1,1,2590,22301,27181,589
1003.5602,7.14,126260,155125,128566,141069,124302,100447
269.1113,7.63,19015,37095,25153,6178,5674,272
361.0943,8.12,30026,32131,26815,10050,13293,1
347.074,8.17,496643,528375,640008,14539,17676,3973
659.1644,8.39,1,1,477,28810,32668,1
367.8926,5.65,15076,31834,6505,30168,22430,18857
295.1039,7.57,29998,30171,37258,17073,25310,1
167.024,5.37,1,1,1,1,9331,896
222.8498,5.88,37875,19212,19124,44634,18970,26752
510.297,1.74,39896,33229,35200,6093,7060,1
169.0323,5.58,1,1,1,3246,31637,1
864.6764,1.72,1,1161,1,46844,51103,1
670.0519,8.26,25396,33069,35877,1,403,1
394.3087,1.28,1,1,1,3492,2957,621
702.5384,1.73,5498,1,6595,37322,34947,1
275.1123,8.77,30142,23188,26405,9503,12639,1
756.5439,1.73,45049,39459,42380,96901,86052,1336
565.7838,8.46,15865,21664,24518,883,1370,35713
418.2184,1.34,35563,19725,34583,23171,23734,22417
255.9206,8.46,30522,8067,12145,3719,33103,38768
204.075,8.77,31443,32581,34196,7404,14275,1
282.256,1.47,71399,85132,95917,92834,1964,52991
557.1712,8.36,20204,18379,30422,11459,13851,1
310.0906,8.39,54351,56835,58459,1,1,39144
254.0574,8.38,27033,28673,27916,11843,14330,1
295.0759,7.68,28556,25095,29614,20972,20706,1
738.5969,1.73,2314,3054,3436,46457,41561,1
430.2025,1.3,28897,20349,32209,16856,14871,13886
486.0315,1.3,2149,968,1370,3155,11700,68256
921.6457,1.72,43434,39481,40168,21096,13497,266
330.8649,1.44,241,23567,1,1,1,1
707.644,1.23,113859,117203,53686,31503,29690,1652
198.1617,1.35,19916,25955,23165,7305,8929,1
422.211,1.34,35613,12240,23536,14676,13639,23885
537.1029,8.4,26476,16946,25782,281,1723,1
273.0943,8.02,14643,23889,27425,9586,11363,1
863.6302,5.77,5687,10341,8348,41281,37765,1
362.1457,8.02,20682,29224,23918,10083,13217,1
417.0454,8.4,1,1,219,21081,19133,1
810.1591,8.88,36517,33109,34136,1,732,1
262.0801,8.01,19808,18100,25434,3862,10678,1
936.1257,8.1,40764,33846,34916,4550,3595,1
177.0546,7.98,979,944,184,9892,52262,17184
339.9374,6.82,18957,26552,27055,5948,15462,1455
335.1436,7.32,1392,1,1,24584,31418,1
282.2563,1.29,638066,567610,699957,426543,481821,46063
811.5013,1.74,33077,38322,34921,19923,20569,446
335.1327,8.71,27475,21826,22918,11793,13910,1
405.1118,8.05,16802,15826,20188,11047,13213,2383
1551.085,1.73,104406,100475,103797,1,1,1
472.1599,8.1,35811,41691,41073,6829,12810,1
964.066,7.14,158883,162209,158335,165726,146347,113324
516.778,1.44,1,30812,1,1,1,1
823.5441,1.74,24881,26789,27478,22997,20050,926
447.0345,8.18,18051,21807,24525,1,1,1
833.5222,1.74,40875,33750,34637,39443,1,1
291.9114,5.41,28306,30520,17746,28071,28559,25051
458.233,1.29,30983,17829,33809,14463,15610,17271
1088.4331,7.98,20745,21343,23402,29256,39344,1
273.1069,7.76,25707,24884,21857,1,1,1
396.3962,1.25,13997,15291,8806,10927,17597,3166
555.3527,1.75,19296,15474,26639,6073,5444,23529
438.297,1.28,29130,30704,29842,14288,13517,1
626.1549,8.39,817,1215,1,27095,37969,1
384.7402,1.44,1,23853,1,1,1,1
290.0749,8.52,20818,16741,24257,16621,16280,1
236.1782,1.4,22925,28564,22515,23562,27608,1
897.6391,1.72,50573,46529,51235,57841,58460,1
589.0819,9.15,29436,25402,23545,1,1,1
1910.1167,7.14,8702,24256,31232,31703,27398,28321
607.0804,7.17,28286,27693,33655,14118,13119,1
701.1509,8.18,1,1,307,30892,47688,1
646.4562,1.74,32725,32469,29541,1,6423,332
348.1578,1.3,1676,7787,1,1525,2724,1046
501.2863,1.8,30689,19220,21047,18694,32137,1
691.4417,1.73,23903,30622,27153,13108,11250,1
529.2803,1.73,26954,28532,30386,26688,30727,1
262.0097,9.07,28142,31623,26087,29402,27832,8830
420.2449,1.31,37862,22823,35912,13590,23329,18670
262.8999,5.89,32423,14145,25933,26482,7182,13140
218.0375,6.74,1,52574,22162,1,1,1
891.5868,5.67,56430,63604,61370,1,1,1
410.1157,1.33,29711,26150,22688,24780,14662,23725
320.0458,9.02,18202,20343,32682,7915,17071,1231
733.4969,1.75,67177,71115,66582,14002,13651,980
548.1293,8.84,18837,17047,21082,1,1354,636
1519.1722,1.62,68953,1,1,1,1,1
288.2762,1.29,1,1,1,20347,18786,1
582.1098,1.22,27036,10902,23538,1053,8924,4103
607.3841,1.73,37627,29644,34257,13077,13894,1
665.3136,1.17,5754,11584,9563,13446,14871,3551
369.9257,8.31,13552,10573,11705,17333,15000,5748
282.2566,1.31,638066,72576,681746,389386,39472,43556
220.8526,5.85,20592,45369,48005,27955,61329,72306
923.3969,7.98,238,1,1,26688,32401,1
287.0945,7.04,30917,36527,9808,32262,21845,23463
910.558,5.62,53866,271409,297645,15694,50113,4695
855.1082,7.1,27739,28254,30175,17238,23764,1
490.1917,8.37,6243,6510,5821,8272,8145,26894
1583.1863,1.73,1,1,1,1,1,1
782.5691,1.48,1,1,1,24428,24634,1
776.9229,7.14,37293,38119,19142,33470,1,29233
211.9385,5.63,61578,7882,111279,58293,61195,62806
551.9044,6.82,11039,15037,19320,4960,9697,1
923.6607,1.72,35438,33444,34811,23474,1,1
270.2559,1.29,24691,21912,23022,14798,20142,7382
663.4079,1.73,22527,21673,22714,9773,11773,1
474.2897,1.23,164366,139607,135861,426881,161198,56614
339.0733,9.19,18749,21697,20883,17327,16488,1
410.0822,8.4,18087,12870,9193,30245,29272,11717
651.5033,1.24,21032,19340,21672,3230,6212,644
743.5094,1.5,23304,26682,21622,7389,6912,1
694.4722,1.73,30006,26447,27703,1,1,1
286.1333,1.74,21646,16960,18495,18101,4150,16612
335.2308,1.38,1,1,1,1,1,10692
1046.0298,7.17,1,1,33983,1,1,58251
869.6939,1.51,31530,29922,38628,1,1861,1
492.1258,7.97,33967,9983,17722,18978,16624,306
525.0777,7.17,28339,25122,31670,13425,16598,1
221.0536,8.03,16015,11173,12561,1,6283,1
357.1109,9.01,22428,25394,29558,454,1,1
297.0897,1.74,14875,15909,17785,1148,449,1
649.396,1.73,36127,31571,31990,12053,9082,1
569.2122,8.37,28545,29486,28584,15382,15548,526
718.4805,1.73,23397,25972,25735,17838,19790,1
220.8533,5.32,12793,16161,12626,1,1,18105
214.0632,1.42,12664,18303,16059,19698,13708,19948
630.318,1.27,21374,11467,15596,12779,17226,1
131.0583,7.89,22405,14961,17889,3544,3115,1
342.1171,8.32,4812,16141,6680,11597,14463,12291
527.1026,8.18,1,1,1,19427,21762,1
340.334,1.26,26794,21434,33787,21900,24879,13399
663.2844,7.97,418,1126,1,40523,47683,1
316.8408,5.3,14099,16965,15552,16259,15451,14376
584.1032,8.13,20642,14456,17063,968,1,1
295.1011,6.57,19013,19498,16509,12128,17935,1
651.4113,1.73,23852,25221,23510,14248,16473,1
1822.1551,7.14,46033,44477,44635,49100,42659,42048
882.2068,8.1,27368,31052,33459,1864,1502,1
285.1057,8.03,17495,10507,15015,11731,11685,513
292.091,8.41,9911,4086,4917,9681,5926,10844
308.2717,1.28,25714,23024,27098,19653,17788,1
262.0799,8.99,17698,13948,8166,9080,4384,1
399.1272,7.96,43343,21060,38058,15991,34999,1
386.2436,1.29,13021,14581,18365,18264,20367,467
264.8971,5.9,15037,17408,17381,15882,8163,5074
557.1713,8.23,26724,22680,25599,8315,19882,1
693.3464,1.17,2652,2951,4660,2888,5506,2660
189.0637,7.89,14445,12771,15334,3579,3650,251
304.0909,8.56,7112,1,25276,138191,1,725
657.954,1.15,2361,425,2300,3551,2997,3692
661.4314,1.73,19319,22326,22837,10133,10366,1
335.0567,7.64,16011,16617,15029,1499,4932,1
631.9083,6.81,21487,21532,10982,19618,20023,1
689.1761,8.18,125048,128663,30987,15826,15885,1009
190.059,8.84,15145,17911,17727,5690,9083,1
686.487,1.43,16986,15088,25367,4101,4918,1
430.0642,8.69,18067,19578,25951,4964,10580,1
945.0621,7.15,1,1,49667,27852,1,12804
746.6214,1.73,8574,7826,7381,22780,24586,788
331.9264,5.53,35084,25965,3325,30208,14899,2572
1547.2507,1.72,1,1,1,32396,28258,1
867.5711,5.72,17912,1197,16133,213953,207523,41666
1595.1839,1.72,34912,29138,26785,1,1,1
447.1585,8.04,18182,15829,16650,12234,17740,974
1625.0788,1.74,70521,63426,64704,35910,31663,1
815.5559,5.52,1,1,1,109470,72245,733
434.3393,1.41,21500,26945,21303,12870,14982,390
311.1582,6.57,23077,20934,18883,14385,18387,1
262.9,5.4,3673,6373,8152,7406,7418,12720
772.5171,1.73,37796,37490,33895,18731,21658,1069
644.98,8.41,10004,8625,6639,18721,7544,1
833.5395,1.73,1,1,1,30387,22425,1
834.3385,7.98,1,1,1,32155,32274,1
434.3384,1.31,20728,20305,25595,13187,18194,401
1787.1545,1.75,1,1,1,1,1,1
254.1525,1.49,2459,4302,3925,6370,3916,3667
342.1014,7.77,18284,21196,20638,9399,15252,1
686.0035,9.07,29000,31828,26840,781,1,916
660.4717,1.45,29878,18399,37982,3821,6005,1
232.1062,8.38,14304,16093,18185,8658,12475,1
1583.214,1.73,1,1,1,1,28712,1
707.0087,8.88,22249,27547,27613,827,1,1
556.2814,1.73,25894,21251,24662,15512,12609,224
431.1646,7.76,22070,20781,23240,3413,2187,1
959.9835,7.12,1,1,1,1,1,1
711.4834,1.73,19789,24426,22577,6397,5784,1
426.2632,1.32,1,7662,418,2714,1,730
891.587,1.75,21224,48626,59188,140903,129726,1909
446.1953,1.34,15019,16213,18485,17200,15494,13084
245.0238,8.41,152489,100267,123461,78936,89687,8413
635.379,1.73,20175,18052,17543,8383,9794,1
288.0911,1.73,1,17444,14617,18694,19960,8175
137.8988,5.68,105927,103659,8740,250157,236319,1
474.3052,1.24,1,1,1,1,45469,1
542.1206,8.4,742,1,1,8789,18010,1
446.207,1.34,1,2799,1,3096,715,3337
890.5603,1.75,23150,20071,20113,26661,204176,5445
363.0801,7.05,1,1,1,12879,56394,12168
455.1674,8.34,19846,17427,7657,10411,13424,27916
884.5422,1.87,1,1,1,1,1,1
760.5894,1.73,14169,12172,1,1,1,1
1747.0607,1.43,1,1,1,1,36942,1
219.9786,8.43,9971,12400,7508,8771,9051,12443
220.8525,5.68,53626,31313,34728,17874,31110,33001
1659.0271,1.73,38996,36443,38854,19749,20967,1
571.4738,1.25,21511,22383,21910,8929,9055,1
637.3958,1.73,15568,18353,14599,8591,5940,1
404.8764,5.31,14792,13741,15351,15078,17626,13077
623.3792,1.73,19640,18979,19051,9425,7269,1
661.4687,1.73,21908,20879,18594,3320,3710,1
329.172,8.78,14112,13185,14557,7955,14187,1
310.1784,1.49,4472,13022,10127,12229,9448,7004
390.1325,8.18,4889,1942,10145,5945,3693,18163
581.1313,8.39,12643,22274,20491,1,858,1
917.603,1.75,11650,11392,8090,70486,57886,8907
843.5573,5.77,421,408,1941,39288,46746,2167
410.2428,1.3,8354,13353,15560,18560,16867,1
665.4249,1.73,44341,17905,61044,15082,14480,512
254.8342,5.33,1,19791,1,1,8144,12314
294.0558,6.93,34045,84521,54826,60039,22846,17133
490.2193,1.37,1,1,1,1,1,1
615.5931,1.24,1,1,1,16079,16664,1
670.1585,8.1,1,1,1,12254,17710,1
1075.0567,7.14,58205,57984,57436,60595,1,54731
636.421,1.18,1243,1257,987,1375,559,1125
583.3841,1.74,4676,3539,472,4461,4591,15152
281.0323,8.62,1112,6252,18003,1,5872,2081
256.0798,6.85,10164,9532,9063,9677,8980,7773
388.3341,1.26,17410,19724,15728,8187,7419,1
368.1546,7.23,21943,24102,24565,32872,1668,39766
366.1241,7.68,11130,14344,16952,7034,11542,1
859.5385,5.68,269873,222846,169367,46601,39199,1771
448.141,1.74,2623,5452,6524,6980,6309,15135
898.5776,1.74,24269,21443,22711,1,1,1
599.1773,8.09,16740,21631,18769,1241,971,1
636.4172,1.18,2981,6773,9346,10335,13279,7816
196.1466,1.44,14810,10355,12722,12598,13544,179
520.1569,1.74,1,1,1,1,1,8179
1507.1232,1.73,1,9015,11257,1,1,1
746.627,1.73,8417,7326,6819,22916,24035,821
880.5649,7.15,41298,1,1,40671,1,32149
250.1567,1.34,1,11311,4409,9011,8139,1
679.4037,1.73,14867,17202,18276,9879,8171,1
226.1932,1.32,18129,17259,11115,3641,5318,243
335.1355,7.04,12844,12768,17978,10219,13572,1
293.0786,7.95,1,1,1,14834,7617,1
605.37,1.73,12432,10423,10922,2377,3149,1
924.2517,8.09,14493,14827,15905,2320,781,1
579.3547,1.73,20446,18557,19134,14199,13338,1
701.2266,8.18,27358,18898,33119,4456,3442,1
474.2903,1.71,21703,24772,24240,24294,20435,1
811.5023,1.73,30706,34546,32096,18291,19005,1807
480.3804,1.25,18898,16052,17331,15464,14026,249
766.5761,1.74,1,1,1,1,1,1
996.3773,7.96,15718,25355,14522,7455,9452,1
284.1712,6.57,17402,16607,14979,6567,11636,1
417.0528,8.4,1,514,1,5266,3953,1
340.3286,1.27,1,1,1,17155,18325,1
174.1252,1.74,4378,5897,7107,6774,4844,8480
303.1083,8.37,4258,6995,3252,6278,6727,18138
607.3455,1.73,17669,16965,17811,10045,10579,1
1503.1702,1.73,1,1,1,1,1,1
302.8703,5.89,22234,4948,6643,12437,12980,7678
598.4932,1.25,16389,16301,18910,9558,7570,1
831.5873,1.73,1,1,1,1,1,1
785.4806,1.73,15154,16906,16094,9544,9720,1
1579.1083,5.71,1,1,1,1,1,1
651.3736,1.74,12168,14325,14307,1,6972,1
1537.2703,1.73,1,1,1,1,1,1
1046.0313,7.11,17787,1,18559,1,1,22703
434.339,1.49,24077,12160,20450,18109,16119,1613
326.3182,1.25,13435,8136,7885,12346,13481,1302
318.0869,8.38,14120,15036,1,14857,13607,10283
390.134,8.02,1,2564,2298,1450,3532,5546
388.0326,7.45,1,1,1,1,1,1
297.1436,7.08,12329,8424,8865,2892,8660,1
677.4264,1.73,17724,13003,14470,6491,8136,1
628.1615,8.39,1,1,1,14850,16147,1
872.5472,1.44,1,1,12730,1,1,1
666.364,1.49,24506,4963,14700,13918,12825,15807
485.1785,7.99,16591,19612,25841,18471,3673,1
236.2352,1.32,1,1,1,3690,6338,1
600.328,6.31,18093,8681,13019,1122,2352,1
697.0968,7.13,1,1,1,1,1,1
390.1332,8.24,519,3373,9564,42652,9548,33438
478.3675,1.25,6812,12071,10113,8733,13622,980
359.1421,7.75,10698,10806,6493,866,3927,1
282.1151,6.95,7783,11673,9879,3179,7274,1
406.8716,5.32,2509,4451,2590,1635,5052,5217
689.0949,7.1,1,1,1,1,1,1
484.2802,1.74,8104,9953,7677,1733,166,1
927.6103,1.72,23578,10145,6176,1,39194,966
619.3848,1.73,10729,9978,9795,7021,5072,614
