Mass (avg),RT (avg),10mM LG_unlabeled251,10mM LG_unlabeled253,10mM LG_unlabeled261,10mM LG_13C-labeled259,10mM LG_13C-labeled265,10mM LG_13C-labeled270
662.4471,13.96,109067246,101917771,93964156,93213130,92389316,94974611
257.1029,7.96,34947863,34885966,33895855,15115429,19046237,11264470
759.5782,1.76,40241584,41056613,39546633,12955276,12891083,12505790
103.0997,5.82,20054451,20239457,15800986,16254335,22313444,16010134
731.5464,1.77,29410809,29845834,28332079,7580920,7312993,7396510
183.0661,8.72,16314169,17663288,19536385,13402236,20063733,9563651
58.053,5.69,3857946,7349451,4050699,4161665,4804568,5213410
307.0839,8.41,15902577,15276769,15965809,9256004,12048188,8062937
785.5931,1.76,25480206,26037340,24743653,9362611,9468723,9278633
456.4293,2.41,22726371,20181500,20774478,20674939,21848473,24286722
430.4136,2.48,22518571,22209761,20914386,21292195,22165180,21513730
267.9915,7.12,13132811,13605663,8742609,5721883,10562891,10536704
757.562,1.76,21407552,20935661,20075132,6027557,5925110,5679548
458.445,2.38,22933341,21646592,22093172,20793739,21412681,21805706
103.9848,7.13,2294070,3973310,6910566,7158226,1154204,8063596
366.0867,6.96,8858675,1,11016081,9078295,12032591,9471718
431.9977,7.13,9137243,9510989,9730426,9759037,12287205,11569000
58.0527,5.46,2292911,2057897,3823201,1791876,3244908,2603190
260.1123,7.96,1,50424,37245,7667477,9268117,5962868
514.0007,7.13,9194552,9249256,9619656,9467488,6343088,11557098
349.9942,7.12,9054018,8709480,9007182,9416938,11769590,11194876
185.9882,7.15,5244815,5617078,5494112,5472611,8743221,7696576
149.0598,8.38,5846025,5733637,5524291,7051376,6284613,6505131
596.0039,7.13,7221936,7475507,7525936,7482213,9282596,8731402
705.5293,1.77,9097574,10360397,10101351,1910325,1129499,1281468
267.9915,7.12,13129810,13605663,4818479,5721883,6656688,5638365
678.0071,7.13,6330391,6474547,6601030,6634663,8502584,7979382
264.1699,6.78,360058,3320708,3155416,1162951,3198298,1178139
129.0427,7.96,5218871,4970052,5127367,3466099,4106541,2157968
760.0101,7.13,5729480,5888017,5990110,5957796,7778060,7259458
842.0134,7.13,5415293,5653538,5671388,5809709,7609598,7122495
521.5898,1.59,6519115,5438345,4717174,4880654,4818166,4663561
443.372,1.25,4862516,2991042,4235479,2601946,1281300,1726917
353.2931,2.12,3569500,5025008,4958246,4563677,4706075,4676758
549.6211,1.59,6080009,5379260,4529610,4846331,4607022,4448532
147.0532,8.38,4870549,4720325,3554451,2241788,2694801,1733218
702.5677,3.2,10600336,9550725,9338412,4722047,4899087,4770692
347.0632,8.16,4527981,4478084,4687026,452160,541256,419630
131.0697,7.67,3643115,3681857,3787491,2659305,2833983,1597458
185.9881,7.11,8888092,3864453,4130598,4306509,4091944,4017541
924.0163,7.13,5360482,5403302,5536390,5638068,7640861,7089478
1006.0194,7.13,5204213,5518872,5436378,5573020,7590602,6947854
175.1321,6.74,2196524,2234656,2621294,1925173,1728412,2769972
702.5671,1.79,6400917,5865577,5918314,3780376,3933352,3484801
783.5788,1.76,7557315,7496784,7187958,3589342,3562233,3439547
117.0789,7.06,1591545,3726693,3519662,2560712,3803683,2473036
729.5322,1.77,6928204,7040235,5662841,1978983,1871534,2528487
736.4936,5.91,2294743,2502131,2377142,2011835,5222662,2820669
477.3142,1.51,16472,26408,14134,38080,19908,12087
309.0893,8.41,476916,495568,528756,3167089,3696766,2326139
771.5778,1.76,5483539,5757637,5587418,7084063,7051971,7015935
755.5935,1.76,637040,795874,719839,7065003,7194446,7236107
646.4515,14.2,6254051,6592166,5637448,6867209,3307855,5415330
770.6125,1.76,1,1,1,6839579,7256538,7059589
215.056,8.08,3019411,3007789,2894952,1314462,1669930,1019495
380.2466,1.24,11992,3253,2429605,1195,2386078,2225658
117.0791,6.74,2197850,6119753,1513404,1298272,1865334,1300316
774.6255,1.76,687443,174490,172602,7149240,6961939,6825006
152.0829,5.69,1561403,1920206,1598902,1493210,2566029,2657546
703.5139,1.77,4435147,5435405,4213185,458661,469999,452084
296.9839,9.66,3434052,1962643,2879218,3649517,2836602,1923326
771.309,7.96,4670370,4898119,4502945,771005,1219229,385829
717.5331,1.77,5449753,5504095,4789797,4233742,4441796,4291599
390.2769,1.2,4530893,1863605,1714646,1564947,1373574,1323089
809.5919,1.76,4940938,5089896,4825392,3647888,3728911,3478915
763.5884,1.76,217971,1161054,1217945,6164219,5937779,6163789
231.1473,6.35,2688002,2906337,2667230,624381,752358,444459
743.5469,2.24,4216092,5064439,4460786,1879427,2229526,2246952
702.5681,1.9,2552289,2387228,2482418,3741033,2345044,1199838
352.0802,8.16,3783,1300,1,2414618,2880745,2247935
745.5613,1.77,5882227,5821058,5559815,4330334,5389226,5370559
157.9892,9.67,4760085,3520518,2463426,4404626,3169718,3112869
135.9328,6.8,2253047,1945644,1836525,1234093,2482570,1288510
1088.0227,7.13,3075210,3217541,3300799,3336634,4856214,4416942
476.2228,1.23,9945,919,3000170,5755,3046806,2580096
133.0375,8.55,2326772,2440764,2185251,1249393,1419358,1045612
229.2404,1.77,53427,1,1,1,11220,1
744.5894,1.77,1,1,1,5080614,5252388,5066942
139.061,7.18,2245991,1668385,2244807,1619638,2022416,2727069
493.5581,1.59,2620064,2351607,1874989,1941193,2064258,1367666
131.0949,6.57,1587845,1645940,1714643,1235657,1625800,911247
751.5772,1.77,795310,777166,716223,6902652,7012189,6895113
705.5901,1.77,4114937,4109458,4033207,2294914,2184412,2270659
817.6313,1.8,3004320,2580328,2931373,1392030,1340575,1532659
255.9573,9.67,1775431,2166565,1915536,2118131,2770392,1616869
607.0812,8.87,2765990,2968405,2855261,141099,156694,138193
650.6437,14.18,4298711,4673894,4408506,4164768,4365889,4750444
813.6241,1.76,4453671,4992339,4899184,2519217,2460246,2366687
249.9803,5.56,1522236,1574935,1797050,1883470,2201125,2307074
203.0795,8.87,1869881,1936233,1527438,294446,322026,215232
663.1085,8.73,2637436,2657936,2397293,251227,273355,200229
386.3871,2.03,1937124,2185590,2039652,2376148,2074179,2351381
131.0947,6.72,1616767,1770158,1456669,1053534,1211137,687115
412.4029,1.99,1798149,1914568,1778431,1871488,1772582,1731989
729.5716,1.76,263529,1,281739,3978833,3834731,3752121
747.5655,1.76,1498424,1441765,1436341,4940443,5027444,4926565
241.1192,8.73,1924271,2005293,1820801,1158202,1374933,604393
414.4184,1.99,2097018,2107214,1289464,2457597,2212328,2343401
612.1524,9.55,2259995,2123400,2253758,1123500,1629694,1132454
789.6024,1.77,1235999,1523082,1,1,1,1
418.3085,1.19,2902474,96258,72822,65601,64182,64008
776.6331,1.76,32688,1,38316,3695361,3459675,3500954
767.5434,1.77,4346348,4402824,4294257,2866578,2812462,2248095
725.5572,1.77,735117,799721,599134,5429106,5622559,5312289
741.5886,1.76,2837239,2695402,2574012,3735248,3334058,3825723
767.5461,2.18,3359665,3549218,3076931,2560408,2113085,2076825
276.1209,1.27,93623,102468,101947,108601,100765,103177
165.079,6.51,1365137,1411476,1304864,967534,1184713,707678
179.0795,8.06,1746546,1473524,626258,1630786,1472136,1663551
238.1419,1.78,1,1,1,1,401605,1
752.5831,1.76,236486,599791,298124,1,1,1
154.0801,5.68,556071,636638,205657,679063,740408,834841
145.1103,6.51,80860,101741,811944,112109,908214,952836
798.5882,1.76,1256378,1261130,1254052,4848721,4795703,4793116
677.4999,1.77,2310881,2456344,2249010,150928,140230,124753
257.1028,8.16,1966118,1940927,1857663,824949,1067893,565958
164.0437,9.22,2304271,2322119,2213949,755429,1327748,1739017
152.0829,5.46,991196,966006,940443,925320,1226023,1576598
715.5147,1.91,4704879,5186357,5002243,559777,840468,23201
161.1055,7.64,1332824,1326423,1250764,943869,1028134,645941
800.6459,1.76,168940,123464,111762,3264574,3301565,3187212
264.1048,6.94,1280014,1351687,1244006,852840,1121562,678298
386.387,2.6,1679282,1514020,1626788,1242719,1547226,1295894
227.1887,1.25,661705,300421,480476,284886,128208,180018
700.4028,6.8,2378541,2249375,2253697,1635633,2418716,1536210
798.6382,1.76,1,194603,189998,3496844,3254777,3214651
155.0695,8.56,1293571,1174087,1087855,857561,984400,593331
141.0191,8.59,799380,650550,1003449,746890,959428,745094
588.4538,1.19,84558,180121,102754,95482,134866,120534
307.0839,8.55,1579294,1899162,1596905,1192489,1,1
811.6009,1.76,2706706,2719789,2516985,3072328,2755919,2971837
412.4027,2.51,837504,1587084,1523446,751090,970283,1290492
438.3346,1.44,2261615,2218713,2177786,2177651,2145227,2092871
208.1465,1.25,645070,262042,417147,241208,107518,134287
366.2309,1.43,1,2019,1463500,1437,1339764,1355454
748.6045,1.76,178348,221195,184442,2839805,3128904,3042596
760.5033,1.76,1,142197,1,2398677,2264753,2236697
329.0649,8.38,1556619,1603437,1623259,392926,963232,816303
414.4183,2.5,1516748,1153492,1282977,1231336,1530564,1406381
760.6111,1.76,269686,97469,232619,2307321,2349105,2041193
119.058,7.75,921634,943477,866265,630095,846139,489544
782.6549,1.76,214119,217490,207432,3063877,2947794,2417052
296.1468,1.74,7209,8114,8594,7411,1,1
373.9316,9.67,1025121,852328,1015907,991189,847231,1023750
317.1333,8.58,913321,483588,204310,656949,739441,481537
765.5304,1.77,2374259,2211677,2293500,1087762,1100004,822960
428.3978,2.51,3252920,2793327,2835096,2741326,2920064,3199646
778.6423,1.77,1,1,1,2888012,2806914,2830740
726.5592,1.77,407930,413032,410006,2820263,2530537,2026948
796.6288,1.76,534146,585815,563164,4193135,4149495,4157175
767.6025,1.76,1776386,1814375,1766818,3033402,3153473,2418872
739.5724,1.76,614611,414316,486855,2546374,2507948,2107109
750.6107,1.77,1,55108,61465,2305652,2580339,2443906
750.5751,1.76,99399,1,1,2169654,2465353,2482116
802.6548,1.76,62548,19407,83321,2452649,2420251,2204822
743.5827,1.77,1,1011442,1493891,3264107,3343644,2714983
402.3821,2.6,1905052,1681629,1762969,1632081,1390732,1331637
155.0348,6.8,1005181,983654,923672,656872,1043603,619941
329.3295,1.98,1095560,1182102,1102592,1105854,1183769,1251509
160.1576,8.37,679289,845637,381789,243601,152720,66209
355.345,1.95,853247,1163992,1244462,1271101,1218805,1210559
811.6065,1.76,2405004,3224635,2303985,1714539,1772918,676835
1602.0253,7.13,1026604,1094542,1134290,1153799,1866723,1725986
684.4282,7.18,889545,946475,796886,220013,1966652,5908224
752.6182,1.76,11368,1,1,2191014,2895941,2129312
203.1155,7.06,1072950,1078900,884826,328962,392507,243494
754.6244,1.77,1,136507,1,2700488,2448758,2440609
499.3874,1.45,1599270,1631833,1472711,1526550,1558827,1569053
357.361,1.94,1177744,1429623,1171895,1308920,1426339,1461566
626.5268,5.62,1705845,1728150,1687485,461287,593818,554874
365.1369,8.4,973562,1022507,908459,549160,485882,323660
444.2257,1.33,1313200,1519305,1455067,1533968,1500366,1415298
145.1102,7.83,901840,804383,799250,605620,790105,393652
740.5757,1.77,389932,168270,368232,2394735,2468155,2342598
780.6477,1.76,1,1,28633,2094293,2088616,2280622
257.103,8.08,1141095,1264070,826549,290487,478308,310306
315.1565,7.97,942369,944182,937837,483178,578729,318696
699.5382,1.77,1,1,1,1740873,1903129,1804425
789.5515,5.58,2570061,2237718,2117095,862490,683438,895600
766.597,1.76,85178,1,1,2054263,2261665,1955939
717.5299,2.3,2636043,2546588,2478797,937755,876045,949859
794.6227,1.76,466908,482351,604168,2960288,2882935,2964999
208.0659,7.28,963368,938602,973728,768121,1917825,1102055
1930.0343,7.13,1150538,1186883,1231974,1260461,2018712,1848266
139.0608,7.23,988843,883583,1283576,1238644,1612475,831300
324.0353,8.26,930277,967464,939716,83604,86491,76915
161.069,8.06,700812,190872,1059575,803444,389603,465586
364.098,8.37,985041,776476,829503,1540772,695728,1615094
311.097,8.38,22771,30216,7266,1058379,1337239,852065
756.6289,1.76,1,192295,184071,1904080,1865577,1934404
1766.0307,7.13,1387077,1584330,1587164,1532186,2420003,2171230
233.91,6.8,884509,859305,737175,432300,1025173,390221
572.1799,1.22,1,1714,1481450,3997,1606923,1327950
210.162,1.34,845623,274307,499047,174665,138990,84855
429.3816,1.77,53824,1,1,15094,5109,3888
784.659,1.76,1,1,1,1933912,1779734,1895102
413.9461,9.67,640293,579793,625865,619880,759641,708044
719.5461,1.77,1430922,1721911,1626214,714754,599134,700409
282.168,1.78,1,1,1,1,1,1
174.1118,8.72,861061,855999,811358,751536,766669,716502
755.5438,1.76,1780712,1938480,1820227,4206719,4265986,4281163
673.1435,8.73,1,1,1,1277021,1340377,1022398
222.1467,1.39,889839,1062150,773201,1006930,1055563,967100
235.1606,6.35,1,1,1,757678,927000,509478
843.6466,1.8,834795,1446525,1401449,674746,555625,657930
194.1156,1.78,1,1,1,61743,36574,1
715.5147,2.31,1129960,2330330,1406026,431710,434345,405608
222.0564,1.21,43851,47900,52744,56729,57111,53196
404.0022,9.52,883396,911070,938443,253565,314940,199927
815.615,1.78,1235479,1255482,1337484,2039851,1204022,520937
398.1367,8.99,881765,915226,744848,59946,84418,41440
318.1428,8.37,526233,606681,697795,419370,458070,521064
530.4009,1.19,108332,116246,99592,41013,104965,99116
314.1421,8.54,1274381,547463,947967,433168,569941,250508
407.3012,1.25,479393,207591,341665,189776,94770,108584
452.3613,1.45,1162833,1266981,1124229,1222867,735667,271336
1399.0072,7.11,1898263,1883157,1959749,1992512,2488450,1399673
927.4749,14.21,1801639,1245996,1648865,1661296,884383,1832157
575.4032,1.35,40396,1,1,13147,7345,1
531.3774,1.33,7207,1,12446,14527,1,1
786.6634,1.76,629100,341984,343402,1447758,1391443,1447584
218.0661,8.08,1,1,1,650261,787552,529182
227.1886,1.34,892846,320007,589357,205162,158404,122807
715.5155,1.77,1315202,1296915,1210671,405001,394609,380968
394.3102,1.43,1269851,1571860,1262380,1089768,1366809,1313942
775.5862,1.77,580556,460988,557199,2385484,2347492,1
718.5724,1.77,1,1,1,1711432,1733318,1625059
444.4291,2.44,1425517,1226214,1329593,1280105,1223792,889286
804.6612,1.76,59909,45028,62717,1073835,1052834,760422
364.0981,8.21,574266,810972,731456,613261,673920,160777
363.0583,8.62,638973,671472,737217,78476,83667,95335
125.0146,7.19,669750,684084,588260,400528,433837,224171
812.6762,2.89,1913696,1926672,1736358,763329,727036,710643
386.3872,2.05,1184917,1138991,469091,876515,1165700,743599
590.3962,1.23,904984,997359,928550,1088239,884664,1067384
627.1868,1.2,55580,78978,80871,95277,101679,85720
183.0384,9.23,900955,683157,624688,532342,654887,970557
737.567,1.77,1,1,49417,1566985,1641364,1414022
837.623,1.75,908534,952612,961008,1149199,997930,1204426
532.3429,1.23,843581,1074269,924906,1182540,985914,1014270
454.4137,2.46,1116028,1240008,1159022,989223,1183053,1379135
285.2416,1.34,150156,284961,398752,149076,107951,80989
129.079,8.77,610216,609402,533304,438679,483118,317123
189.1225,7.67,667449,719547,638632,465698,451200,296857
576.5122,5.77,1086217,1130937,962829,81750,74029,78394
351.2771,2.15,553368,514231,522163,702503,892115,602676
364.0984,8.05,453398,362929,362026,331382,317788,294017
123.0173,9.22,371617,466846,423409,725601,715771,589807
812.678,1.78,947201,976142,705122,851315,880864,737784
496.387,1.45,983681,1000163,891582,971923,934636,879999
2094.0431,7.13,647851,711350,717186,729721,1261394,1120861
773.5928,1.76,1387067,1036036,1450454,1128202,1014685,1017088
141.0189,8.62,106008,735636,330469,632359,362805,628057
724.593,1.77,5351,1,1,1354471,1376943,1144320
531.9212,9.67,431022,341135,334510,420041,299749,395946
829.6318,1.79,1,147356,173393,811243,949794,1161991
708.6167,1.78,1,1,1,1153284,1193184,921250
217.936,6.8,592044,572765,580854,436855,647981,409882
753.5348,1.77,1,1,1,950146,1,741597
722.5854,1.77,1,1,1,1297070,1308150,1030812
211.1062,8.87,1,1,1,619398,596236,435591
736.5676,1.77,1,1,1,812951,1,848719
761.5213,5.62,1208915,1147100,1047021,251260,261502,246953
78.9822,6.8,476585,448503,518366,468862,567651,428355
620.1246,8.87,1,1,1,703542,714343,634432
455.361,1.44,1683114,1735903,1577300,1605839,1590215,1588178
266.0404,9.23,764318,826569,783104,687229,807211,564100
536.1423,1.2,47637,64762,66817,69614,73654,74551
768.5489,1.77,1251760,1146673,1318967,1343964,1301371,1296778
296.9837,9.66,3426023,4096366,800137,3649517,4542723,1048191
367.4178,1.51,125844,132877,46680,45477,65301,32601
487.3517,1.31,1,12702,19383,12653,12970,7253
343.2206,1.78,1,1,1,1,1,1
720.5791,1.77,1,1,1,1337246,1174394,1232239
139.0609,7.09,526870,521415,451148,467429,416383,365006
131.0495,8.38,380947,403545,365781,438172,442208,460985
165.0507,7.16,219325,503410,230721,203087,227935,292344
89.0479,7.63,358681,355013,356057,125729,136055,83130
637.9906,7.16,667985,662485,683545,700089,745358,891255
357.1994,1.74,3302,694,1830,2230,1,2651
543.4139,1.46,832757,976031,906059,925627,942847,952597
252.121,6.59,56518,64131,55030,58870,44099,23221
386.3875,2.03,1630942,1626020,1825377,522711,1635028,496696
662.4186,13.96,1346960,1269031,1175902,1171561,1279951,1195127
425.3258,2.39,1087736,907225,855946,21812,440729,908110
243.1835,1.25,314225,112921,219558,94581,55379,64523
168.0778,5.7,339663,521119,386026,308608,552728,111134
719.9939,7.16,740657,604368,651936,769966,901330,872088
649.4303,1.78,585613,648168,612077,131381,153777,96832
341.1323,8.37,376968,570627,318156,476893,278601,364110
728.6064,1.77,1,1,1,953157,1058786,1055475
222.0675,9.01,553800,634651,546694,314037,472405,248544
84.0404,8.38,375181,350159,296080,321522,314902,331302
712.6115,1.78,1,235191,1,1,1241620,1083923
535.6046,1.59,714552,682009,504314,606369,530353,559425
404.0024,8.87,553729,515451,530782,52971,66206,47980
315.1262,8.58,580764,420810,371147,300520,337087,311641
154.08,5.46,443213,333503,311624,500341,457480,559456
474.4396,2.51,715248,794075,516122,856833,762323,922023
738.5687,1.77,1,1,31636,1595569,1576498,1279763
148.0375,1.22,11116,22323,23667,31548,23913,25970
787.5371,5.57,1326492,1380073,1126279,301892,279565,268883
119.9589,6.8,565362,561461,541461,438683,546068,462511
694.5209,1.77,9745,1,1,1258995,1122888,995741
636.0564,7.14,594374,568788,584428,556332,390448,486251
788.6735,1.76,120633,1,1,726663,627777,656774
500.4552,2.44,937821,795840,961674,727147,669018,938164
710.5932,1.78,1279604,1098800,831871,1309299,1322265,1355350
318.143,8.21,671031,620525,148237,689413,614171,28290
176.0312,7.29,316820,512734,366758,347885,287816,296167
619.4302,1.36,5838,1,10630,1,1174,8178
795.6261,1.76,1552867,1582740,1855629,3149293,2779233,3217617
186.9914,7.15,469240,468546,560066,579332,277345,645662
418.2207,1.3,1,1,659147,16158,597506,562403
187.0631,6.55,437930,474199,441858,312797,380271,220086
861.6213,1.75,909975,969158,906602,460119,411091,430273
311.3549,1.74,237187,262736,251533,228708,250135,266056
472.0503,7.14,496276,248060,519026,519106,302589,397432
209.0993,8.87,675,1,1,407014,466146,308665
226.0411,7.15,386708,372067,402654,359332,248211,303766
368.0753,8.62,398,1,1,452281,509261,423885
337.3346,1.24,434349,169801,228229,164761,109892,131870
217.1314,6.71,475282,506164,444186,346020,399425,259248
331.887,6.8,461300,445337,400727,205293,573603,164715
390.0476,7.14,480761,494178,465740,509745,346479,406808
364.0982,7.88,840043,535630,475949,579959,529100,300530
75.0318,7.83,387760,403595,375082,246583,236175,135414
502.4708,2.42,716660,856789,743334,664585,833134,506086
171.1121,3.73,491321,376812,439150,296100,201878,226908
329.053,8.26,1,1,1,491539,504680,397130
637.9922,7.1,524208,531958,566209,576337,553223,576656
555.9883,7.16,513524,545949,549863,547427,590148,775854
257.1028,8.37,890199,769206,708768,424501,474954,236043
146.9965,7.19,408679,423658,384526,251852,355863,160106
465.5271,1.6,583884,262667,437432,26527,428288,411081
1011.0838,8.87,930262,945982,875888,9788,8029,9771
205.0483,8.7,1070689,1073112,905341,672102,838822,662033
224.2001,7.62,104961,772729,39656,1,1,1
401.3497,1.77,34255,2173,1,972,12697,3661
204.1223,7.97,231040,414095,423538,308177,345818,187802
105.0425,8.02,358800,352200,336091,176771,236283,159408
1438.0177,7.13,753854,797458,827633,819482,1240247,1073295
489.2566,1.24,20727,1,605747,1899,590767,530617
618.1187,8.87,1,1,587,788847,799759,614329
376.3192,1.46,480098,618271,616667,544019,606390,603196
411.3347,1.43,1006177,997069,894441,960839,795362,888132
203.1634,6.51,32650,13407,263263,34095,299860,267740
684.4275,7.09,357760,436542,404939,295798,385299,405530
704.6206,1.78,1,1096438,1059646,4099920,4038796,3825650
514.1269,1.22,9182,3525,717661,4788,690236,525907
760.6438,1.76,1,1,1,678259,645970,689687
354.2959,2.12,1296548,1321472,1272577,955184,1021810,1388530
791.5459,1.77,1461793,937362,850613,598075,525148,619455
259.1784,5.66,494619,453791,408253,135761,106494,54921
197.0897,5.58,288933,191504,322798,307521,290949,381989
708.5864,1.9,1,1,1,494648,579726,541048
403.1543,8.99,1,1,1,355931,516942,245109
137.931,6.8,346398,309711,288409,202831,415767,212849
155.0697,8.61,1293426,261872,1093643,132388,985202,612924
315.9131,6.8,423634,417146,398792,245065,499751,244217
524.2746,1.22,1,4303,579626,2845,574034,502286
863.6372,1.75,796078,775895,664811,429089,429818,455729
701.2057,1.18,33532,59858,68498,67397,72410,59841
85.0244,8.38,247931,248416,214217,272094,274046,263917
714.6112,1.78,1,44792,1,953793,928918,945512
387.2467,1.78,1,1,1,1,1,1
698.5359,1.77,1,42770,1,875591,751356,857297
574.4846,6.8,600655,602453,588775,453103,642644,491762
663.1094,8.73,3161597,3175484,2951087,302140,355174,263401
206.1631,6.85,353932,382515,365598,392724,371199,378434
208.0656,7.18,255414,178311,317241,257596,1,1
691.5142,1.77,712674,767198,702325,598205,473169,590951
533.2841,1.23,7136,1,552617,1,535175,471431
602.5165,6.8,587024,580394,601731,462415,649468,476031
507.5739,1.6,611316,528319,451927,294618,436295,225983
828.6667,1.78,29720,93082,62506,745412,667142,811673
297.3394,1.74,100637,169896,163674,161550,190150,176596
159.1257,7.71,373047,384401,360890,241054,260826,153641
483.2481,1.22,13267,1,607385,5116,549286,467848
718.0604,7.14,569400,553584,570836,548577,406918,453423
318.166,7.97,1,1468,1,259706,342747,187785
624.5099,5.62,636174,619441,570679,112091,128958,109189
362.1555,1.74,1,1,4333,1,1,850
700.5524,1.79,671237,680732,587647,1105501,1132339,1077940
131.0695,7.87,243383,434081,352193,1,36952,107636
884.0025,7.16,472163,527448,515416,609501,727556,707193
801.998,7.16,531376,429276,468697,422403,603158,600724
307.0794,9.55,253518,200382,227369,474583,762544,478548
318.1292,6.46,38626,28114,18449,27286,175111,13902
411.3457,2.12,147930,362307,292603,218344,263168,339549
832.6825,1.78,6778,27346,22719,560679,547252,530251
602.5265,5.73,544931,542624,552584,62967,65350,70853
819.5813,1.76,1180970,1246899,1183182,1167966,1013571,1124909
712.5996,3.2,1,1,1,958279,1313815,1109319
555.9862,7.1,406595,389318,428161,411046,405304,425751
587.4396,1.47,564610,554564,620856,503860,640970,386271
337.9605,9.67,591205,412229,341154,560303,159419,596817
373.931,9.66,1130262,356303,1058494,1032224,931072,356838
129.0426,8.38,364650,375639,321134,173488,209740,70907
586.5414,7.18,970404,540206,1585235,130025,1027998,830819
1047.7663,1.25,454069,230782,380849,206326,91029,133193
689.4987,2.37,588560,678597,703398,223785,224829,145126
354.2004,1.72,2196,1,1,1,1,1
453.366,1.49,432945,534401,416876,440018,25902,183186
85.0889,6.56,197030,214758,250249,176326,245353,142215
85.0891,6.73,217008,236946,252836,166134,231442,113783
409.0191,9.52,1,1,1,346553,386672,264490
806.6629,1.75,56015,57080,66159,833633,815553,826659
532.3432,1.27,924590,726848,968417,1111961,832512,859000
83.0372,7.96,254486,255128,238328,153064,172266,82797
649.4317,1.9,704734,518158,451511,123084,109543,97881
650.0995,9.56,400350,464440,467742,232915,285178,190278
401.2246,1.75,1,1,1,1037,1,1
842.5144,7.13,350171,367821,376775,383867,590565,521808
688.5528,1.78,573693,554446,555005,601257,609866,565118
146.0731,1.23,1,439,278848,1,268933,228687
404.0025,9.06,436822,404075,429986,27285,38166,26746
250.1783,1.43,145370,145384,108641,108087,104595,102479
424.3572,1.27,819534,1,94928,45263,24517,1
535.5689,1.59,252499,270784,345706,420453,420934,405180
176.1525,7.84,272240,330247,318158,291283,318529,257117
308.0814,9.55,1,10896,17980,250649,428715,275342
437.3715,1.48,311408,465649,502759,444861,509577,417714
799.608,1.77,1,1,1,1,1,1
710.5939,3.2,1,1,1,856327,898887,791909
886.5542,5.62,1090112,1040512,1291890,473584,447931,456123
374.1941,1.29,15732,3172,381914,9356,367760,353039
317.1334,8.56,883509,468316,588405,259940,685645,516693
364.0983,8.55,313596,1,332198,1,282076,372356
924.5176,7.13,300714,311852,345479,342999,547591,475746
713.5539,1.78,385742,1203460,301479,844708,835122,807807
443.3254,1.3,25750,18862,25030,8849,29341,27996
494.4196,1.43,453231,278631,916208,610131,594562,532021
399.3349,1.79,641712,440746,392330,630754,1,1
327.2772,2.17,493860,421201,360392,371586,354992,278347
283.1992,1.41,339177,376893,284410,316881,326091,324411
387.391,2.03,455788,525429,282478,430556,483907,264392
269.9957,7.13,282871,315275,291079,263397,380359,348784
185.0694,8.87,266845,310950,273347,72356,108498,55292
908.5395,5.63,605872,613634,566848,156868,117014,133709
497.3918,1.51,403487,431500,360106,432394,410278,431807
149.0509,6.88,255387,275647,239881,171294,237336,124416
303.2925,1.52,363921,208499,193463,284600,337265,307686
1274.0105,7.13,273607,283654,293389,323005,433359,387699
694.5607,1.77,757267,1,407002,705186,809969,966975
411.3818,1.26,339125,135024,301288,98521,74136,83313
481.3976,1.49,407962,479792,275851,456920,373123,425379
790.6804,1.77,127208,110718,110489,453244,470932,496567
348.2873,1.47,305324,335713,436856,321619,421700,545028
858.523,5.77,453110,523844,459432,85740,32033,40206
445.2308,1.24,354675,1,401783,2300,355393,337710
668.1259,8.73,1,964,1744,432009,471782,345150
1006.5228,7.13,247668,272190,292346,283497,488722,416589
479.2728,1.3,7815,661,379766,2311,338797,334824
1644.0092,7.12,348593,209613,371535,192700,220086,271766
604.5409,5.72,416515,479621,397497,1,140040,108273
462.123,1.21,23790,29204,32708,32654,22849,32480
801.5079,7.17,217057,95128,248923,60500,587736,818708
308.044,7.15,223463,209197,237122,212611,75157,163507
700.552,3.22,504050,621571,508043,287556,286124,272116
416.3974,2.53,376114,392942,327637,281047,65800,354201
492.2179,1.23,1,527,211040,1,225123,180780
612.0974,8.87,735,1,845,491591,553519,445233
716.6168,1.78,1,1,1,667972,702166,626837
355.3063,2.11,457949,421494,404015,10948,1,502424
689.502,1.78,2652928,2362041,2648351,481583,621509,612745
455.9348,9.66,19066,225328,182810,23904,140810,115721
732.6192,1.77,1,294873,1,417933,406558,359188
208.0947,6.72,10984,10007,7696,13831,6689,1
338.2817,1.49,257407,288146,253432,71532,78570,82148
260.1128,8.08,1,1,812,292745,331314,142229
882.0652,7.13,423695,440158,424643,418715,330031,377103
459.3666,1.25,241850,108476,167200,87773,34126,43275
840.6241,1.75,1,114252,1,614768,605727,517956
881.5644,1.76,483259,452168,419812,160393,159615,159098
396.1583,7.5,226431,221728,253338,33375,71809,34197
775.2228,1.18,17225,35339,38304,45575,51190,39553
629.5391,5.61,125988,148597,145899,406213,470857,466836
486.2579,1.23,5988,574,210485,491,181824,168869
846.6615,1.8,123571,172027,127522,356109,506364,470802
800.0634,7.14,367454,361468,363271,366245,270590,312832
128.095,8.68,220374,250981,80046,124735,64281,64208
208.1313,1.56,174092,172756,183795,171617,168370,179456
1329.4764,7.97,333682,342052,332451,28914,37666,1
675.4484,1.78,433351,421470,422548,112770,118498,94595
235.908,6.8,222569,204862,203702,98927,271697,96959
530.2843,1.23,21963,3835,202838,1,185389,183942
381.4331,1.62,301246,215003,181105,207902,131475,193936
1562.0058,7.12,364358,365975,370394,374932,231477,432437
168.0512,7.95,245062,280845,251094,215520,266338,158272
323.0519,8.55,255083,297785,277285,52337,61743,64411
760.5119,7.13,263906,269861,283682,284693,431519,379545
454.4141,2.46,532017,891553,454289,925629,875204,898483
519.2205,7.97,4646,5200,6410,287400,389171,178833
667.3833,1.24,1,1,487722,11859,457004,440294
827.893,9.67,414230,268365,314539,505508,151570,442484
431.2728,1.78,14031,1,1,1,10758,3468
841.634,1.75,1,1,384867,1057301,1078800,1032767
563.6001,1.59,470486,362277,382966,413909,367946,371926
525.4241,1.5,319604,383002,361311,321538,370193,388368
409.34,1.49,224161,277809,199558,192799,294388,109511
1726.0118,7.13,181366,394483,401931,397128,231394,440863
297.34,1.5,12791,250015,16638,1,30843,11991
488.1079,8.83,285029,296000,254876,38096,51758,31048
432.4199,2.48,632547,824024,264296,758985,750904,640698
371.1945,1.77,292,1,3772,1,18303,21110
811.5056,8.38,329786,299943,281097,425845,365940,427661
420.1338,7.61,144749,252618,32698,36116,17616,1
306.0557,9.23,329874,322295,323485,252973,320155,154041
1480.0045,7.14,189927,323064,214689,360260,222415,214940
436.3664,1.47,246021,29118,459279,764410,806528,411739
332.9841,7.18,230912,244916,256819,173837,279200,138176
501.2951,1.62,1,1,344598,1,281043,296325
831.6336,1.75,54111,36957,93865,604891,627610,595910
484.4599,2.32,342467,276784,13053,228947,232338,265691
576.5125,1.76,295762,336973,310657,26920,11287,23612
677.4626,1.78,292604,309519,300320,112716,127836,101881
265.0287,9.22,273146,277102,259678,132632,305248,185560
331.324,1.51,250532,80103,88801,87774,130381,122619
259.9501,9.66,134251,141638,24183,142602,84708,80134
1808.0151,7.13,315703,325639,320866,327451,183704,207045
166.0412,9.22,231505,230375,315282,172000,162364,236660
414.9867,7.17,814729,453229,639274,833330,1,850258
884.5391,5.72,434135,386212,366024,56942,210699,200731
674.5363,1.79,492859,374656,464392,275084,308168,259868
849.245,1.17,16473,24424,26580,27487,31474,27091
119.0735,6.51,169192,186009,183037,112944,142918,84361
386.1734,1.33,226819,193399,191820,189127,192962,192442
574.4961,5.76,334368,330693,340107,20459,16708,14503
1752.01,7.11,349490,236983,355803,361892,248467,441525
409.3665,1.27,129311,61966,174464,59214,38393,45301
241.2769,1.72,116177,124577,120088,128404,119877,113793
870.5125,7.29,247134,227046,285262,449426,340157,501090
763.5857,1.91,474203,511769,435180,426553,1375252,853880
699.5659,1.7,290513,289780,269603,52298,1,1
227.9778,7.17,75893,63622,114059,79395,39651,179401
181.0252,9.66,476667,392405,384356,317281,347632,441021
615.1086,8.87,1,1,1,360869,406506,307227
694.3513,1.21,143849,183238,133960,155159,144256,144400
577.3092,1.23,1,1615,306883,1,288191,269335
1088.525,7.13,205915,223580,212279,224087,422540,349741
433.1212,8.08,2821,5797,4396,221186,296415,135535
636.2977,1.19,205439,195182,136635,151065,162695,147088
700.569,1.79,118381,138193,122615,1,1,1
354.0864,8.16,1,1,1,213689,247298,182510
595.566,1.24,290748,444769,287352,1,1,150536
716.6139,3.2,1,2403,1,277433,429147,443575
353.3059,2.12,654237,650317,501036,549161,504995,607518
708.5878,3.2,1,1,1,588481,721347,547969
241.1194,8.83,1,1,1821297,78060,1344354,95804
538.141,1.2,17056,22999,26191,25693,26686,26059
780.5892,1.77,1,1,1,1,1,1
964.0685,7.14,329978,330495,335413,331853,278978,297818
155.0345,8.49,134018,172717,208961,172687,238703,130407
489.3411,1.25,344216,103272,131417,115071,51351,72328
718.6175,1.77,1,476529,1,1,1,1
1890.0194,7.13,351678,356280,363665,224371,453559,443183
670.1318,8.73,1,1,1,281360,339929,236460
853.5349,1.77,309776,337332,150064,21368,81179,86232
813.5496,5.52,376435,161988,452485,239195,237952,244555
702.1524,8.17,1,650,1,278692,312922,244533
332.2929,1.45,143545,376883,315329,389124,349278,330875
372.0917,1.21,6101,14356,13476,14137,16629,15929
554.0537,7.14,202851,209403,201805,193920,141847,168035
397.2571,2.13,115135,109345,76047,119619,79000,106896
623.3575,1.24,5976,1682,327014,1381,345607,307607
233.1535,6.36,4257,4829,5016,167932,231392,123029
398.2261,1.72,1,1,2401,1,1,1
790.1476,8.85,213000,218674,282546,11442,10849,11641
692.5535,1.78,54344,54058,40928,357346,367742,373374
690.5433,1.74,1,1,1,360952,1,1
670.9164,9.66,63498,29297,51893,71802,53336,90620
496.9902,7.17,639689,449865,613498,641358,988994,829033
331.0724,8.39,39802,1,44991,204879,324632,261376
250.9816,7.18,205480,220623,196776,137011,213506,107550
215.0925,7.19,109205,144847,188909,170627,435636,150644
413.8902,6.8,195557,196727,186557,96411,246711,93725
311.3557,1.85,2224,90700,81331,47940,80968,161561
539.3096,1.5,16885,527,303303,2147,279957,285788
357.1778,8.72,144198,172424,191327,102096,115883,31514
219.1107,6.4,191094,181218,168798,117870,159657,93778
444.2405,1.34,1,1,1,1,1,1
452.2787,1.28,1,2087,289082,6097,272134,272518
523.2987,1.31,14184,1492,293064,1,281446,260696
578.9939,7.17,165033,179202,185447,129368,269745,122298
537.5114,1.24,321355,312340,226431,98525,95897,99088
132.0535,8.08,191930,162800,179652,98566,118841,69049
700.4027,7.18,84598,172779,259275,185950,307231,300367
470.2638,1.25,19411,4169,177529,4266,207498,170677
208.1705,1.25,73929,29357,54120,26717,8783,20578
846.1759,8.73,284267,305830,328749,30370,35342,20256
182.0768,7.15,449504,539610,93306,97222,286776,215290
391.9845,7.1,78516,70218,83789,69949,84434,75317
299.939,6.8,168670,182599,196664,157505,220204,152349
409.0187,8.87,1,1,1,226029,217929,180570
327.0102,9.22,202149,213369,197619,138351,200967,117217
304.2402,1.24,229226,220411,203211,209268,222557,204436
1397.998,7.11,319423,326369,323386,328374,154128,176967
494.2136,1.23,2538,1,137042,1,117439,114676
1741.9824,7.13,248292,241422,231397,236379,152220,255632
202.1431,8.37,155695,154693,159497,125677,140328,97952
696.5629,1.77,1,1,921,252852,279581,411418
1972.0214,7.13,311169,315135,340072,343332,236006,411357
545.3206,1.64,1,1,274743,1,272266,266894
504.3424,1.45,285475,266757,221368,298239,322950,270882
470.2728,1.25,45877,7200,210924,7722,216625,186492
428.2828,1.54,184685,233452,198671,191435,227368,113643
425.2042,1.62,2493,1,246791,1291,233629,214216
268.0383,9.22,173663,185957,171099,148901,189673,125060
285.303,2.09,96957,181396,210558,120841,207177,70873
827.9956,7.12,275002,267736,276165,277490,334375,317902
432.2473,1.29,1,1,180771,1,171954,166998
548.4796,5.8,258697,270841,227900,15010,11321,11896
409.0186,9.05,1047,1,1,191388,196352,134164
810.6623,1.78,318008,312209,318336,639752,531047,678296
711.4097,1.25,1,1,337639,5858,339375,335328
678.5093,7.13,139374,144402,149164,159183,230676,212059
311.3189,2.03,204634,211207,107028,214982,103752,176906
1823.9769,7.13,364865,342011,364348,362311,224378,413457
698.5707,1.77,1,1,1,228928,249214,288669
283.3241,1.61,100966,21614,18441,1,18870,1
722.6356,1.78,1,1,1,343955,339065,320938
325.3709,1.49,199812,18336,22589,16989,54115,23403
964.0686,7.13,336630,339349,347880,347148,284195,304787
364.2105,1.41,3263,6367,181257,7281,111529,190833
689.9107,9.67,75551,71127,88279,87454,46728,103065
475.1565,8.68,230458,150651,189259,108620,171027,170822
225.0139,9.23,159497,151310,117090,97429,137598,104728
464.3255,1.28,210530,12015,16656,4056,15440,11392
201.9619,6.81,177458,61391,156433,85685,145159,163287
710.5434,1.78,83727,40320,21043,571992,578229,579500
722.6901,1.66,239889,225919,206231,227138,235119,226299
297.0896,1.84,257324,203271,164600,16352,13420,8564
406.1813,1.76,572,1,1,1,1,1
1577.9727,7.13,275207,257568,248065,266182,114337,138363
596.295,1.21,1,3904,101158,1694,79771,92631
367.0257,9.22,218102,205146,191761,123032,227940,89949
720.6304,1.79,1,1,1,233697,211461,1
1068.0543,7.13,243468,252083,248568,242712,205281,229633
569.451,1.51,195932,270990,209665,243364,215337,281698
425.3616,1.28,158942,20458,54873,15727,16536,28260
2054.0311,7.14,233900,226072,238461,233948,291535,295186
598.4955,5.68,266957,271212,256014,50571,47232,41902
518.1318,1.21,9717,7090,17027,5917,24403,16868
202.0456,7.19,17517,43020,15433,45460,1,11813
283.324,1.74,60790,46336,48788,65069,63357,44660
395.3403,1.39,116128,128701,159677,168819,137000,139691
437.3712,1.29,185351,13640,73544,30107,36525,24395
304.0908,8.45,166754,169164,159173,56257,77554,49237
2136.0276,7.13,211988,129112,246149,248374,149932,288481
427.3773,1.28,173605,44451,93094,53030,40656,38531
694.658,1.66,248648,167296,231035,159913,241988,255261
369.2153,1.65,3028,1,3850,495,1,2158
999.7808,1.24,227184,137136,134817,124300,89216,92136
467.3823,1.31,226788,25130,35130,17540,24605,36852
1315.9961,7.15,96079,88551,180196,82599,97593,191268
668.4992,1.77,1,1,1598,249726,216053,256772
457.267,1.62,1,1,135864,1,145814,128583
380.2595,1.29,65998,1,1,10614,1,1
631.4664,1.49,290423,286771,207501,243066,301086,279604
384.2652,1.45,183222,214090,187018,113369,106611,99172
245.1028,7.28,71582,97931,78588,94742,132181,109235
233.0435,5.56,141465,135140,130165,131314,186354,150924
393.3454,1.28,130701,1,57548,10922,24693,11139
668.0873,8.41,265660,275342,122483,130230,130669,85499
445.2517,1.76,1,506,2187,1,1,1
358.3572,2.12,96662,144834,151837,129153,174250,137170
621.4003,1.79,198184,208612,170721,42026,52119,50111
964.2902,1.16,19693,16844,25153,33680,33542,29283
484.2286,1.3,13354,2176,213072,584,186703,178140
499.9843,7.11,106184,193058,187621,100330,119559,219398
412.2101,1.25,44284,7324,225193,1,214274,184702
1916.0227,7.13,311419,324450,347016,353690,459928,445480
718.6218,3.21,1752,1,1,317919,329599,247476
705.6733,1.23,131346,228817,158315,52634,59701,73501
622.1321,8.87,1,1,1,209771,209209,156177
252.1686,1.78,13484,1,1,1,4883,1
362.2931,1.25,181208,78706,77382,54613,80694,80612
501.2364,1.26,3043,1,3794,1017,1,738
504.0777,8.61,105720,115194,150093,9259,16218,9866
252.9444,8.47,121379,134897,190635,246028,123327,191154
992.0037,7.11,185613,188565,184455,184563,106926,120409
511.409,1.33,172541,58407,62739,23451,44724,32899
407.2147,1.29,3553,1,152604,2578,148942,132930
613.1011,8.87,1327,1,1,411278,457001,374807
602.0178,9.51,184168,190051,201296,51773,50823,45286
539.4405,1.31,211639,24190,40201,40362,48946,35594
476.2744,1.3,3719,11667,186715,2231,171327,166789
1041.1888,8.16,197334,207338,214627,819,1,1
724.6436,1.78,19980,18503,25898,504596,489759,430715
946.2805,1.18,169330,178042,173125,180769,182224,206719
1659.9749,7.13,293520,139152,277848,160263,105538,122238
820.5265,1.46,236124,303079,264609,87771,101746,89344
1074.0071,7.12,232053,237340,219874,236661,270944,267736
609.1766,1.18,47965,17919,29349,17477,26729,24109
621.2021,8,168925,163287,160900,120616,100579,84874
323.0336,7.17,149743,142670,133435,66461,76955,51630
269.3079,1.77,1,1,1,1,1,1
540.4138,1.5,252399,431565,397980,413860,1,442550
1495.9641,7.12,232075,108298,197962,223281,230952,104229
444.4288,2.5,1,1,1,1,1,1
215.1637,6.59,81362,87667,96551,58683,66555,19353
1587.9971,7.11,155435,141584,323876,172454,162811,375712
528.4245,1.34,106786,47722,110524,25774,17635,26192
175.0588,6.57,91781,104437,101459,73641,96976,58837
262.1176,7.96,1130,1,1,115992,139891,85511
585.4445,1.56,225851,249747,185155,204379,242419,254313
475.2994,1.78,17735,1,1805,1,1,968
872.2602,1.17,96855,97844,85336,98467,86087,98381
663.9915,7.11,192259,188908,192275,191039,103737,222523
617.9815,9.53,181992,210481,187308,32047,33093,27738
602.5261,5.73,642222,659125,643867,64040,55671,72926
328.0687,8.56,1,1,1,191504,200081,161602
1413.9658,7.13,244015,113400,206892,217659,125902,145546
546.1239,8.64,206821,213704,112988,3002,3771,1178
375.2256,1.26,19065,16759,16725,8647,1,14394
672.1397,8.73,1,1,1,189414,209265,159003
959.785,1.74,101466,95503,115146,107618,127024,114294
575.9682,1.77,67093,65425,56449,91404,70643,68737
586.5405,7.09,87193,98721,103758,99635,117239,119055
511.8671,6.8,117957,108482,106466,53371,151544,48132
190.1358,1.25,58460,16499,35392,16452,3451,12355
495.4137,1.3,167156,17634,35138,24754,38964,27850
631.5437,5.61,1554,1,1,199593,229822,223895
840.7084,1.79,73220,56857,71883,190040,211851,198635
142.0116,9.23,134001,117286,105222,99536,149910,81777
525.4249,1.33,146861,45247,114399,30736,81030,60425
512.2865,1.27,22697,16008,176729,11572,174097,158846
425.2647,1.44,88468,98682,148079,1,151075,116486
187.1684,8.37,92877,107673,97796,37831,57446,35689
1029.1441,8.87,1,1,1,138186,151623,105469
257.1138,7.95,227986,235674,295628,414600,516092,298890
465.5275,1.61,165339,222143,98141,154444,295965,405123
421.3761,1.27,166681,13901,21675,8296,4680,15581
448.3296,1.2,159894,73972,70544,56952,57790,62832
647.4167,1.78,167708,165599,153357,43128,31736,35035
149.1054,6.08,37935,102860,78980,91926,97298,84274
558.5109,7.09,78805,137157,122144,129973,124237,120531
491.176,8.38,68111,63027,56615,100686,83276,91043
745.9968,7.11,219384,126306,230164,223738,153822,124929
569.0431,7.17,133929,131765,124437,60111,59225,41490
683.196,1.18,99560,28774,59346,42583,37957,42936
363.1892,1.28,3037,406,115628,1122,113081,106679
143.9749,1.43,203705,4018,5885,3484,4943,67156
447.2834,1.78,1,1,8438,1,9582,8677
422.2689,1.3,127413,23240,76830,18651,121301,65611
870.5113,7.19,138338,177534,165854,440635,209373,518062
1876.0117,7.13,180658,172955,209935,201416,196837,204544
1500.056,7.14,107105,111115,119938,102425,108574,118270
761.6483,1.76,824486,701423,635513,670041,672131,669141
703.4772,1.78,204993,213626,192986,53253,54549,56567
509.4295,1.29,179638,14200,30207,10042,23314,14975
1664.0581,7.13,141266,157022,158288,159374,150273,143028
1998.0263,7.13,106047,113003,115530,112656,161214,158408
555.4345,1.34,106898,25875,47484,18310,50012,28826
314.0515,8.34,93323,101642,79916,2660,3964,2522
301.1384,6.35,74198,92588,77976,13306,16560,17438
1582.0516,7.13,150155,153092,143301,155202,134584,148378
536.6898,7.96,120661,131835,119558,22082,28266,16298
485.2986,1.67,655,1,117280,490,105305,107853
1331.9579,7.12,240127,227776,205931,232812,97432,109167
550.4948,5.81,119070,104104,86013,4180,2379,1
796.5271,1.49,169722,173605,165444,49664,47042,32612
1746.0537,7.13,147845,149376,146828,146636,161348,159610
617.1142,8.87,1229,1,1,162506,171898,131747
925.991,7.1,116206,102876,101422,123348,115151,118526
292.0907,8.61,33210,47515,64150,80127,131259,114966
890.2692,1.17,10135,15244,20297,17594,1972,17676
514.0018,7.25,1,115852,1,1,150765,105532
493.1243,8.83,1,1,1,99200,130785,81549
677.4711,1.37,143963,39477,29369,28151,58221,33151
652.5415,5.61,201885,195679,195259,62147,61462,52976
666.4921,1.77,1,1,1,186372,193043,152045
809.6748,1.6,153336,195464,148010,1,1767,7085
809.4998,8.38,251359,241844,238248,130423,178795,105739
519.5012,1.24,173079,169979,128748,46536,61066,58054
440.397,2.19,214431,128243,34110,150868,115996,147155
869.665,1.76,1,1,1,268518,282401,1
304.2614,1.47,136641,175657,168359,91066,169073,155892
2040.0153,7.13,146193,148609,161917,161439,179837,183230
241.2042,1.25,56975,12630,28377,10339,9288,12089
510.276,1.27,137940,165016,157359,115882,117103,128568
203.1154,7.2,99549,187682,85830,65315,56201,37952
1670.0062,7.12,138996,135521,140511,148675,109997,186127
538.2386,1.24,3116,2764,116910,1,123671,110048
403.1812,7.5,1,1,832,59645,107537,68413
155.0691,8.37,129239,111452,55039,59134,56754,43177
391.9842,7.16,113809,129390,140486,113627,210693,182612
723.4323,1.78,139180,118256,106797,30562,26734,30889
571.9361,9.67,22818,29882,29597,35987,32095,42199
2080.0276,7.12,147103,150322,161024,173788,231172,232034
460.2208,1.33,101349,143147,109704,113428,113428,115766
1020.2973,1.19,148310,147763,157120,148016,140266,167346
689.5026,1.77,4229467,4594892,4199518,923165,806069,771422
599.4611,1.36,132993,31233,37627,21622,61758,23528
822.7067,1.78,105983,125253,118625,173441,329087,173013
227.978,7.09,54695,63108,58491,57432,69780,56704
245.1029,7.19,94531,64183,113139,85243,101771,89354
353.3293,1.26,94720,23186,55889,18003,15308,23164
641.5776,5.62,1,1,1,154518,159643,184865
280.1996,1.39,82078,108518,82510,98070,109240,90850
397.3191,1.81,133621,159002,101393,25300,25584,5669
440.1521,1.23,2405,1360,145824,1,138832,119769
362.1435,8.44,119193,124014,112368,41662,53167,29620
302.1067,1.84,1,1,1,109823,99971,76338
948.2763,1.17,124703,155456,155777,156156,147239,167840
253.9748,7.17,57496,170374,161360,99988,97090,126946
487.0396,7.17,115495,107060,100751,48414,53292,38707
450.1868,1.23,1,1922,76291,1,73056,68726
583.4653,1.33,98726,30959,22779,24651,24769,27523
519.3261,1.78,28856,4073,1,1,1,1
871.6775,1.77,150101,283819,153941,224115,207840,224430
423.0946,9.16,74554,75432,82605,32666,66700,36313
630.5453,6.8,134088,146159,129066,114063,143523,109977
351.314,1.26,61272,18339,52066,23166,14403,15579
269.1839,1.59,14641,29599,56060,14907,18520,13152
331.0593,8.25,1,1,1,123311,133420,101275
71.0735,8.63,44749,49091,52029,28761,74527,33366
1828.0588,7.13,145358,133663,150481,138817,145343,161724
589.5538,5.76,1,1,1,144505,129624,153761
335.3037,1.28,128098,21816,22020,20651,16671,12690
481.3981,1.31,166596,49674,65902,27360,37903,60258
733.4897,5.68,155984,146402,167845,16011,20196,18518
472.1119,8.67,128650,127358,122720,23129,21698,18546
397.9157,6.8,104656,104602,105129,71526,130506,75148
425.3501,1.79,101498,112878,148481,64249,156455,18600
591.5615,5.77,1,1,1,130414,120824,137054
411.0251,9.52,1,528,1,99878,114243,73236
483.2686,8.87,105454,124808,105475,58354,71934,35777
621.3367,1.23,7419,5436,137395,1,127070,145358
415.3409,1.26,52441,27790,68502,13147,20000,9137
504.3557,1.25,127297,136330,110354,29163,30576,32459
466.388,1.44,256202,313183,354474,87555,305390,265450
1418.0495,7.13,114848,113819,121093,110448,105608,106672
567.3258,1.31,13777,972,138922,1,131224,143768
399.3713,1.73,26011,6467,7009,2373,4312,8804
188.1275,6.83,42245,44939,50104,55671,80802,79815
755.4356,1.25,3603,1,166250,1,171910,155538
971.3014,7.96,120503,136543,129650,29734,36943,17232
611.3312,1.5,3001,1,103790,1,86041,88873
333.2631,1.37,1,602,1319,1,1,1
635.4127,1.78,67239,75956,67519,132459,118939,134532
579.5225,5.77,18537,26690,20802,123117,111605,130986
451.241,1.29,1,1116,83897,1300,89390,72206
714.1909,7.97,119676,127906,119800,48670,50998,28541
401.2043,1.24,1199,414,98639,1,85914,88021
816.2511,1.18,4631,11430,11708,11296,15057,11108
627.4914,1.34,79868,29879,28502,30393,39967,42378
538.3403,1.24,17703,11156,11111,8487,10836,20246
2162.0278,7.12,112436,126602,129227,129530,179887,171198
275.1124,8.75,84505,86248,71933,28304,44127,21125
703.6583,1.23,79537,138472,106234,39984,39749,44680
446.0607,8.88,80620,78007,72759,13353,13889,10108
479.5429,1.59,176398,119327,130370,47464,72792,88900
293.0873,7.91,97668,67470,107781,43202,58914,45211
394.228,1.27,1,2430,96575,1,80602,102095
457.0903,7.97,76275,95478,81871,37351,48145,28021
574.3107,1.24,1,4357,143386,1,156331,134732
539.3114,1.51,2330,1074,396196,2000,375399,358502
458.9793,8.43,125658,131918,140193,97502,108405,90606
359.3555,1.5,98655,25958,27630,22799,42877,37269
507.5376,1.6,173499,47231,137380,82524,125752,142272
687.4855,1.77,84489,110497,117763,1,1,56503
788.891,9.66,21871,23976,32319,32413,27077,49737
569.4496,1.34,117691,60716,96935,30182,58142,55598
715.5455,1.37,197763,178260,157836,182048,144473,132345
405.036,7.17,86848,89483,89737,40830,49261,30686
563.3515,1.78,18898,1,1,564,1,867
303.1086,8.38,38465,30956,36057,45497,36416,53072
864.1484,8.41,105948,111772,121276,45419,50816,35990
588.0382,9.05,125309,133148,131217,20080,21769,17421
329.0093,9.22,77724,78338,77789,54326,75965,44030
442.3241,1.29,106326,25290,126088,19198,87934,104962
660.4691,1.79,1,15238,1,106898,109891,96413
647.6208,1.22,140966,132158,101347,31269,46404,30576
905.2547,1.18,93924,87794,75100,79793,75081,73134
369.0238,9.22,84013,94991,70048,45406,90959,40706
243.1836,1.71,36399,39277,49235,19785,16993,12072
371.0429,7.96,83911,100028,95162,54503,62926,53390
925.9912,7.16,159677,153993,193074,157647,249922,222653
831.2308,1.17,65903,43622,54276,50223,41196,53953
611.176,1.18,19342,4781,10270,11042,6479,8571
865.9763,7.16,56876,51569,54652,63444,59043,73065
442.2518,1.75,1,968,609,1222,853,1
733.049,7.16,89955,85574,79307,39775,43606,29642
394.2827,1.31,95828,69341,65682,65061,66045,58308
303.025,8.68,146174,122760,120304,87047,75852,1
331.3238,1.71,74110,66099,60254,69422,39454,65006
542.3349,1.26,39294,20650,18869,25153,38326,23850
535.3357,1.77,1,1,1,1,1,5362
560.4516,1.38,2018,2453,738,3151,1978,1
699.1418,8.16,1,1,1,107719,136381,90537
628.2527,1.27,1470,1,124249,1,107450,96415
301.2364,1.71,33063,44375,53282,19842,7174,13594
253.2047,1.24,85242,26871,45151,37701,20423,31243
295.2875,1.41,32579,69829,82477,71804,69305,65049
373.2459,1.7,1,1,1441,1525,1,1
1027.1365,8.87,1,1,1,124534,127654,88787
654.2623,1.24,5023,1,112380,1,114889,110710
593.5502,1.24,60180,108390,63607,42955,47599,57452
580.0343,9.52,88093,100425,88675,11999,14003,8823
352.2151,1.54,1,1545,66005,1254,58747,59141
488.202,1.22,1,1,243374,1769,213584,173115
597.4821,1.32,100640,14171,17503,8753,13530,19333
318.2195,1.3,109139,82467,147415,138911,163223,56697
582.2664,1.23,1,1,90576,823,80494,73911
319.0691,8.34,1,1,1,60975,62904,61096
341.2926,1.49,1,2064,1,81317,76258,61845
613.4754,1.35,90959,43704,62307,20956,49854,26886
681.5551,1.7,90225,87490,81019,10555,16131,7191
643.5854,5.62,1,412,1,84716,101677,105212
765.5229,1.4,113365,38772,29059,28452,61245,31093
336.0657,8.37,13279,9901,10234,20254,14854,29997
442.2312,1.24,1,3805,51254,1,15820,30561
433.3334,1.81,81552,83314,70396,59173,53490,48609
1022.2939,1.19,71399,80213,87611,72789,84841,92493
596.2727,1.24,1,1,1,1,2203,1
353.1993,1.25,1,1,69426,564,72007,64684
588.1748,1.22,866,1,87642,1757,103156,81899
670.5605,1.27,72537,63058,79220,19346,14340,11760
579.3303,1.24,12625,1,82160,2527,88469,94915
369.15,8.4,1,2701,977,57925,48566,29797
657.5051,1.36,77899,23791,71606,17521,41935,26499
671.5171,1.36,99234,19067,25877,23162,33959,33225
682.2644,1.23,3811,1,83586,1,85795,71815
605.5975,1.24,1,1,1,71113,78405,64101
454.2367,1.26,12174,590,83565,1,79428,78182
802.5158,1.48,67954,88955,75723,26952,34499,22779
753.6581,1.23,57611,87014,67423,21251,17559,18930
752.4866,1.19,78121,86623,76908,72685,68355,52069
635.0531,7.14,69134,66143,66537,50781,47785,32596
653.3672,1.41,1,1,75096,1,69450,67197
408.0031,9.22,57868,52798,52378,30384,60926,22363
629.6119,1.24,74116,67381,62688,18353,18507,17317
607.6045,1.24,1,1,1,62670,66951,66128
517.2526,1.23,10169,1,61860,10850,59540,48214
665.361,1.24,1,5288,56212,1,72063,61320
318.2193,1.25,46188,51113,43922,54893,120059,33153
663.3519,1.24,1,26629,58027,23211,74628,66958
503.2706,1.23,16041,7678,74726,2963,52789,64466
540.269,1.22,5351,1,38579,1,34769,17136
