Mass (avg),RT (avg),[Area] QC1-POS,[Area] QC2-POS,[Area] QC3-POS,[Area] QC4-POS,[Area] QC5-POS
60.0322,0.36,260574,418672,402341,377635,429598
63.0083,0.4,643112,406616,390163,378702,439521
63.0083,0.31,229040,47786,353973,118523,167624
68.0623,1.58,12236,9451,8942,13278,7858
69.0575,0.37,26320,25805,29052,23571,17620
71.0734,0.37,94383,82649,191541,78407,56088
71.0736,0.48,87451,81247,188516,88123,148080
72.0575,1.51,21197,16020,13297,19032,16931
73.0252,0.3,7473,11348,12622,12686,14888
73.0527,0.44,96551,314334,193933,358794,343541
82.0139,0.46,62939,49479,48786,46501,55276
83.0368,0.48,8901,10071,10880,11325,10822
85.089,0.54,612804,644245,671758,692871,712643
86.073,1.43,13800,9752,9009,12366,10817
87.0683,0.84,39729,52817,36744,49331,37874
88.0009,0.29,43041,46013,50939,52641,53239
89.0475,0.35,162935,167304,176364,182872,181428
89.9693,0.4,64194,60456,61557,55951,57112
89.9694,0.31,319131,324625,335792,340179,344874
90.0469,1.84,57109,52381,42794,36944,28381
91.1028,0.55,420861,447904,493871,497598,512806
99.0684,0.83,149964,138904,119849,130073,120702
100.052,1.46,98280,73195,73794,64871,67695
100.0526,1.53,38949,47612,38400,50483,34163
100.0529,1.38,18614,15333,14715,19743,16466
101.0841,1.29,34549,33897,40465,43273,39072
101.0842,0.97,87988,122412,111320,111560,110838
103.0997,3.35,38032,22500,12604,3189,6003
103.0998,0.34,1337559,1339889,1314445,1300737,1285712
104.0258,1.83,16830,15123,12402,10584,8899
105.1065,0.34,828837,817022,812596,756612,796446
107.0737,0.36,10532,10051,9115,11551,10833
110.1094,1.36,28201,23845,26775,26431,24939
112.0137,0.4,254506,253319,166081,256155,149804
113.0589,0.4,193346,165450,233210,71530,205723
113.0843,1.3,97573,88655,79981,78773,86845
114.068,1.53,15057,21492,10921,18993,8545
114.0682,1.42,36912,31213,19380,24548,13738
114.0683,1.34,70047,64459,51395,54098,39952
117.0789,0.36,268376,245243,303841,179518,190686
117.079,0.48,200052,393381,425693,440973,216320
119.0735,0.8,296257,335739,358467,377235,398686
121.0893,0.64,256563,258590,257404,261739,262989
121.0893,0.36,64112,73330,73821,74619,76482
123.0275,1.33,3830,4200,5420,5723,7980
123.0927,0.48,96185,148044,107337,94712,90610
124.9794,0.3,9410,9806,10781,11251,11272
125.1205,0.36,4156,4781,4113,3927,4492
126.079,0.97,31451,28342,28768,33357,31956
129.0426,0.48,104498,112566,117574,121886,119851
129.0427,0.36,13774,17590,15849,14368,18411
129.079,0.48,13020,13290,14887,13693,16058
129.0792,0.36,33947,32972,33159,32265,30557
129.1521,1.3,35444,42307,39809,36515,45139
130.0419,0.8,18422,21751,22325,24124,26278
131.0938,0.37,65940,63260,57183,61062,43918
131.095,0.55,3200049,3486085,3599093,3699833,3795957
132.0787,1,207379,217039,209238,227025,200587
132.0896,0.3,10971,11586,12241,15761,13951
133.0993,0.54,18805,22069,22918,23579,26551
133.9965,0.4,207203,205590,213677,206348,201606
134.0943,1.19,712950,660689,536059,564238,595750
134.0945,1.04,317272,307418,279041,319367,315240
135.0563,0.48,29647,33912,28919,33034,33071
135.0977,1.19,38736,49916,28266,35100,41140
136.0386,0.48,231475,257999,292578,277458,284974
136.0386,0.37,9481,36209,35846,37345,243102
136.1247,0.72,17557,19970,24369,23457,26143
137.0835,0.36,7185,7827,7700,6989,7084
137.0837,1.31,16383,14388,13442,13209,16901
137.084,0.71,61950,70929,61738,69582,70780
138.0605,0.34,61173,57569,41081,73688,32629
138.1119,0.55,2423825,2566903,2704353,2740019,2795939
138.1121,0.37,39699,45713,33105,34922,45865
139.0608,0.34,18433,15649,19896,17397,16198
139.0609,3.36,45925,51945,41818,32758,23587
139.0611,2.42,9465,8744,6967,2246,
139.0612,2.48,14254,14221,11207,2246,
139.1107,0.34,4833,4705,3353,13416,15561
139.1109,0.31,15267,13796,14485,13640,14868
139.1357,1.23,8389,9012,9854,9886,9425
140.1162,0.54,12228,12665,14134,14219,14702
141.1518,1.25,11040,12305,13938,12935,13617
143.0942,0.36,240868,265794,274107,265463,252818
143.0948,1.32,16168,12532,11644,11218,10077
144.0786,1.43,6349,3210,5509,2016,5228
145.1112,0.39,27237,27944,37736,44250,35994
146.1052,0.3,27679,26729,26284,22773,28466
147.0533,0.35,106274,109943,130217,121925,132864
147.9284,0.33,18440,17211,18289,16554,17336
148.016,1.84,89142,78511,45677,55694,32072
148.0162,1.88,28907,25019,20306,18122,10108
148.0526,1.72,16719,17095,14712,12697,10432
148.0527,0.78,16220,18454,21941,21459,21823
148.1104,1.35,85813,57083,44760,73068,61096
149.0511,0.48,65663,66550,76207,80886,79360
149.0597,0.36,60401,38811,65576,68960,27182
149.1047,0.99,136406,124690,121913,112383,102921
150.0275,0.3,29672,33757,34670,33236,34933
150.0891,0.61,111052,113524,114014,118434,114921
151.0634,1.11,47956,47752,41432,42485,34490
151.1211,1.05,486489,435184,403736,395961,373611
151.1211,1.19,887091,797592,729397,716821,671873
152.0251,0.3,3924,4820,5957,5923,4777
153.1155,1.31,32041,38384,38801,40121,39750
154.1098,0.3,17430,19331,20310,20238,18719
155.0349,0.34,14256,13550,13300,11642,10354
155.065,0.48,72659,84065,70039,83659,87254
155.0697,0.31,19291,19973,17212,18794,18422
155.1309,0.37,200427,202319,236418,233964,203188
155.1313,0.52,720214,766269,779631,776194,563548
156.0762,1.04,115725,119883,132226,134609,141072
157.1467,1.63,157927,133180,149050,133179,122424
157.1468,1.3,47219,44605,49000,52490,49263
157.1833,1.39,7200,6189,4755,4572,4994
157.9565,0.32,106984,93994,121027,86793,96558
158.1318,1.59,17373,20252,49178,25324,22428
159.1262,1.31,4536,8374,7213,9740,5249
159.1263,0.36,46726,46097,45342,51924,47904
160.0849,1.35,5739,6211,7935,10241,9086
160.1099,1.45,20723,17512,6427,7820,8834
160.1579,0.31,16873,11360,24102,7952,4519
161.1053,0.35,870959,778545,845323,769517,825637
162.0683,1.58,45638,37481,36629,35461,36051
162.0683,1.83,318821,267205,247083,205409,154533
162.0683,1.92,17385,15607,16945,5125,2106
162.0891,1.35,52981,54884,46231,54300,43029
162.1259,1.43,96652,77117,76724,68056,66580
162.1266,1.53,99706,9876,36745,31356,71010
163.1361,1.34,9502,8554,9234,9622,7823
164.0472,0.49,15163,15655,16023,19212,18673
165.079,0.8,1903411,2092431,2214737,2313535,2399128
165.1364,1.35,19174,17347,19303,15843,18396
167.1162,0.61,28303,25543,22167,19623,17234
168.0286,0.48,39797,49466,49668,46599,58589
168.0872,0.31,37658,33996,29700,34903,35751
169.0349,0.4,47207,45164,35074,47320,47823
169.0854,0.31,11444,2736,4355,2416,12490
170.0222,0.48,18547,24538,28479,24564,30833
170.1417,0.48,63416,53545,58002,53281,60387
171.0873,0.34,5144,4249,4523,4633,4419
171.1258,1.27,79374,83153,93164,92771,96025
171.1987,1.4,11431,7152,9851,9058,6851
172.0502,1.04,22110,22088,20260,22498,7575
172.1097,1.47,12376,29899,12549,26218,30406
172.1101,1.3,51422,35566,41670,39845,45425
173.1415,0.5,51347,37218,36817,40758,38006
173.1415,0.37,18998,13994,17569,21469,18118
173.9305,0.32,8535,9713,9638,8829,9376
174.008,2.67,4129,3341,3204,1888,2755
174.1118,0.31,31536,29932,41391,46195,42741
174.1257,1.33,59731,60671,52050,45646,48242
174.1257,1.41,55184,41270,37061,30818,35700
175.0593,0.54,14602,13783,10733,12040,11834
175.1063,0.79,335575,365255,408150,416350,436864
176.0474,1.66,5938,5617,4155,3810,4348
176.1051,1.38,22901,22215,20761,23153,24389
176.1418,1.5,109887,93051,88288,73843,87254
177.0512,0.31,14809,18061,17451,15816,12065
177.1267,1.26,213715,221187,211149,213786,211650
178.1206,1.29,31611,24045,26819,23756,25715
179.116,1.35,26203,19294,19414,16603,17119
179.1533,1.43,41745,28644,29967,25854,28012
180.0646,1.26,42612,34188,40465,40479,37829
180.0649,1.03,55449,49085,54480,51753,49151
181.0735,0.49,177507,184564,188947,203387,202647
181.0739,0.36,8045,11304,7884,10923,12333
181.1831,1.36,39543,30903,29370,32851,30778
182.0943,1.43,13306,14724,5751,1677,7405
182.1303,1.47,19591,9200,13291,8593,12141
184.1214,1.21,46348,38726,44325,28659,33078
184.1574,0.48,14201,12890,14251,14872,15148
185.1293,1.4,17972,19181,21053,23050,22851
185.2143,1.43,94347,65420,63088,57159,48186
186.0638,0.48,6520,5781,6132,5706,5665
186.075,0.3,17485,19393,22586,23132,23417
186.1366,0.7,220614,217870,206523,203916,207274
186.1369,1.17,63875,57138,62451,56684,57415
186.1372,0.48,8712,11114,7106,6802,7841
187.0637,1.26,103812,115128,112745,125500,135037
187.1575,0.36,8136,9673,8957,10889,11710
187.1575,0.6,19596,20322,23590,31775,32108
188.0728,0.29,3106,3329,2821,4684,4913
188.1426,1.63,25475,8284,16863,19069,16830
190.1208,1.34,222010,205672,164144,171233,154837
190.1209,1.53,26547,12034,8271,16165,12929
190.1566,1.67,9265,12732,12776,12062,12858
190.1573,1.59,77173,73075,66340,63849,63352
191.0948,1.42,5757,2870,2882,3258,4566
191.1008,0.49,28488,30871,31327,31503,37866
191.1311,1.33,234689,189371,2167049,2055793,1933340
192.1364,1.33,2981339,2645017,2380460,2408319,2194225
192.1478,0.35,16349,18667,17434,17534,20000
193.0247,0.36,8619,6340,23247,6145,23950
194.0801,1.36,5999,4080,3256,4383,2207
194.0806,1.31,66269,51289,46389,42970,42857
194.1153,1.25,79551,83040,77197,77378,65655
194.1411,1.33,83143,57482,61874,19194,46096
195.1375,0.36,27875,30002,21643,26684,29274
195.1468,1.3,25852,24686,22468,20507,21370
196.1099,1.49,64786,25316,70841,54570,30976
196.1464,1.75,16783,13087,7764,14583,5048
197.1778,1.62,13898,13814,12487,10714,13382
198.1619,2.89,36017,44242,47908,19546,20098
199.0974,1.26,47507,52064,56527,55947,59539
199.1575,1.48,23563,23992,27344,22541,16805
199.2299,1.45,5729,4424,4719,4583,10547
199.23,1.51,17240,12405,13281,11175,10757
199.2303,1.51,6997,11902,13095,10913,10547
200.1049,1.53,39524,80437,93547,76715,175162
200.1527,0.97,19086,37096,36147,34617,29667
201.1734,1.29,10213,11412,9346,11744,11303
202.0455,0.34,106674,160416,166577,157826,107755
202.1314,1.3,13215,14491,15128,15831,16495
203.1158,0.48,102681,61210,91923,93448,77850
203.1159,0.36,193111,169254,202633,192534,191255
203.9498,0.3,3268,3131,3200,4609,3964
204.0081,0.72,6697,9129,12009,11104,11819
204.0215,0.48,41023,47164,45153,52213,46535
204.0787,1.85,66625,58021,47517,41416,33647
204.0901,1.26,458534,499675,533207,566048,594662
204.1363,1.47,235085,195025,195138,186908,185837
204.1474,1.3,10445,9940,11665,11395,11330
205.1313,0.5,6386,5261,6698,6298,4578
205.1323,1.34,23467,17174,18159,20430,14253
205.8867,0.34,20590,26283,16758,19844,20595
205.8868,0.4,3820,6461,6923,5655,8666
206.133,1.24,17376,13928,13787,14426,13827
206.1519,1.43,268624,194175,192028,175570,161367
207.126,1.23,19376,28028,24897,25653,17622
207.1471,0.48,13406,12835,12881,12614,10791
207.1472,0.36,10601,9526,9007,10259,12052
207.1474,1.34,224154,197080,173956,170254,159099
207.1834,1.67,5167,4359,2372,4923,2993
207.1859,1.55,67845,54999,54609,45256,48940
208.086,1.38,19468,9843,9607,11802,7090
208.1466,1.75,9374,8642,6059,8149,4794
209.0536,0.48,18034,18898,18792,16288,19126
209.1629,1.33,1209031,1020886,966317,907953,870685
210.0884,1.47,10943,6468,9202,6560,6438
210.1018,1.54,9626,11184,9612,10943,8638
211.1423,1.25,21572,21908,21782,16426,22908
211.1672,1.33,18437,17387,13194,16777,18116
211.9386,0.49,10592,10367,10244,7126,8456
213.1474,0.49,19566,21422,15446,15863,17547
213.1478,0.31,22191,8649,9287,8696,9642
213.156,1,47693,50949,56937,63986,73721
213.1561,0.56,26690,26105,34052,36664,33868
213.1731,1.53,36602,32416,34324,25895,28610
213.2456,1.53,17118,9352,12274,17355,11841
214.0088,0.48,37372,48419,41571,58578,55342
214.1143,1.54,1037,40689,42380,65917,65039
214.124,1.61,18744,14512,37113,11855,40758
214.132,0.49,10530,10389,8722,8495,9001
215.1522,1.43,8602,7247,7747,4853,3696
215.1633,0.3,3714,4660,4556,4837,3535
215.9152,0.33,55583,54847,50026,56335,52846
216.0974,0.38,39600,46364,46363,41613,38139
217.1212,1.26,249693,274338,296679,315665,319844
217.1315,0.58,38009,35528,33821,35216,32617
217.1315,0.37,10848,11496,14167,13089,13186
217.9121,0.33,19725,20594,19681,19126,20450
218.0474,1.18,4499,787,7098,8290,7076
218.0754,0.31,8705,8779,7907,8514,8487
218.131,1.63,6657,10598,7056,4319,4474
218.1525,1.49,13472,11478,10801,12562,11179
218.1529,1.54,18614,12158,36261,17061,35976
218.1646,0.36,13762,15330,13896,15113,16383
220.0669,1.59,3636,3219,3203,2573,2482
220.131,1.43,36665,27069,14380,22045,17427
220.1676,1.51,313650,293963,276638,264942,260461
222.0562,2.03,7892,10092,7669,6618,6445
222.0887,1.66,10323,7279,10442,5958,6652
222.1474,1.31,46641,34701,38308,34371,5133
222.1856,0.34,5451,5681,6216,6286,5867
223.1208,3.38,112035,85399,63267,42820,46500
223.1419,1.4,83060,63138,58186,53006,52682
223.1783,1.43,131934,106473,88376,94134,86182
225.1732,1.49,43708,47291,40926,46293,43028
225.9443,0.31,175621,176179,178856,177308,184471
226.1178,0.35,19065,17058,19697,18970,17492
226.1595,0.56,88401,90198,80729,100459,90477
227.1287,1.54,21062,23046,32033,21045,17683
227.189,1.58,661946,644937,528468,495734,475494
227.2251,2.06,16029,13058,14324,10024,8612
228.0329,1.07,4007,6395,7073,2218,7164
228.061,1.62,15987,14253,14637,14473,13922
228.1751,0.67,115234,119434,129928,127687,127082
228.9682,0.48,3335,2795,3524,3520,3052
229.0403,1.18,7346,11925,11748,17594,14070
229.1367,0.34,61682,57130,59210,57081,58614
229.1677,1.55,61138,51837,43398,40544,42339
229.2404,1.49,16856,24023,21960,11732,14316
229.9753,0.47,24178,27937,31003,41834,28374
230.0764,0.49,6316,6550,5524,4942,5070
230.1374,0.36,21618,23706,17131,16568,16159
230.1561,1.41,53503,48558,44054,31488,33308
231.0193,0.54,14549,13736,12712,12441,12527
231.1045,1.71,5281,6417,3553,4944,3491
231.8886,0.33,10875,11772,10498,11151,11041
232.1676,1.41,132441,91244,79513,80551,68379
232.1687,1.46,76099,19672,15813,107811,108665
232.9746,0.48,27091,23137,25481,27557,31461
233.1575,0.36,30293,24929,26803,24055,28172
233.1736,0.3,3131,3354,3640,3383,4362
234.019,1.19,12436,12887,19967,18083,13984
234.1467,1.46,392053,316077,296190,277169,259604
234.147,1.52,74368,52954,74901,48260,40752
234.1835,1.58,537685,518645,492237,498358,471244
235.1783,1.54,38930,20795,22971,19074,21024
235.2161,1.63,48390,47227,33310,1311,46784
235.9907,0.36,3636,7339,1924,7426,8956
236.0948,1.52,13582,8188,8332,8183,6188
236.1627,1.36,47947,42949,43527,41436,36872
236.1804,1.36,61731,51354,60905,52297,50471
237.1573,1.43,30559,23270,15080,22691,15023
237.194,1.51,83756,66469,81860,80718,74136
237.1941,1.33,5047,7190,7271,6455,6000
237.1944,1.57,34064,32163,24690,28161,23245
238.0365,0.55,12722,11429,12850,11327,9224
238.0631,1.84,4872,4689,2676,2181,1978
238.1207,1.59,188636,52701,54814,144818,33573
238.1208,1.58,185284,172811,157329,150849,143773
238.1424,1.27,92829,75952,77237,74193,72208
239.043,1.67,2446,1816,2220,1585,1683
239.1375,1.3,17604,26038,17075,22529,19899
241.1784,1.23,138286,149754,145766,154291,154821
241.2407,2.1,5046,4787,3686,3295,1886
241.2764,1.59,31008,29791,28431,22361,20441
241.277,1.52,73593,62498,56001,52448,51425
241.9182,0.32,21592,23190,19947,21348,21685
242.0769,1.67,16454,15624,18409,15467,13427
242.1414,1.32,7628,4886,38370,36136,35452
243.1836,1.49,232462,199811,222466,216474,209755
243.1945,1.27,263944,289543,303692,316309,318666
243.2198,1.72,24822,14818,14294,10507,13590
244.0693,0.48,6409,6164,7305,6482,9958
244.1699,1.03,39707,57436,57498,65655,66011
245.1628,1.3,42857,33137,39233,35072,35520
245.1629,1.6,23579,12058,12454,10494,39900
245.2353,1.43,14922,11045,14538,9936,12247
246.1217,0.72,24445,28942,31752,32829,35233
246.1371,1.29,115765,118424,112072,111103,116159
246.1465,1.52,38758,27504,37941,28231,24534
246.147,1.38,30210,22406,15698,28811,13596
246.1946,0.36,5436,5237,3983,4343,4995
246.2192,1.88,6081,5791,5304,4194,3251
247.9695,0.36,17528,10304,18707,18724,18696
248.1484,0.36,5198,4930,6914,4143,6393
248.162,1.53,38504,43025,36253,32917,23654
248.1625,1.41,316446,240806,203949,203542,188061
248.2006,1.66,112251,91187,23840,77784,91155
249.0973,0.47,7349,7735,7980,8140,9591
249.9125,0.4,7982,6449,6974,7386,7290
249.9932,1.65,9375,7390,7721,6615,6356
250.0395,2.05,36384,33973,35775,30636,21292
250.1207,1.76,6269,4716,5277,2992,3906
250.1785,1.41,7057868,5552359,4662056,4309801,4055623
250.1786,1.47,1015045,730191,881523,843860,874801
251.2096,1.59,218161,197788,202113,199916,191651
251.2108,1.68,19040,78177,103355,9349,20031
251.9898,1.66,5484,5614,4538,4019,4004
252.1183,0.38,19697,20915,18266,18207,15181
252.1213,1.27,8683,13544,14324,13294,9719
253.0521,1.43,15995,13913,8487,7606,7460
253.1177,0.48,22269,21053,21491,18732,17934
253.1539,1.32,6926,14554,15676,17582,14923
253.1885,1.46,55577,42773,24050,31488,30216
254.1864,1.67,99757,76328,56728,65182,36815
255.0078,1.33,7567,9173,6203,8165,6430
255.1031,1.34,16946,14241,11827,11338,11113
255.1682,1.26,102052,85697,102289,105643,104087
255.1684,1.31,23309,24137,25739,33049,23701
255.2204,1.67,37590,36829,23204,25160,26319
255.2563,2.18,5163,6199,3849,5884,1616
255.2566,2.25,3889,4717,3849,3876,1686
255.2566,2.37,15900,14202,11371,11703,4125
255.2928,1.61,150898,140137,130237,132500,129957
256.0926,1.73,11065,11804,9220,8589,8130
256.1517,0.36,3059,4485,2591,3635,2972
256.1669,1.63,40495,96534,99461,58621,65465
257.1992,1.63,46688,38921,41491,38925,45778
257.1992,1.54,46688,5078,6161,3916,8202
257.2717,1.55,14936,13335,16278,15280,16784
258.0571,0.31,3875,2603,2857,3144,1945
258.2136,1.3,105213,115404,123788,126993,130658
259.172,0.36,10015,7906,9566,8313,11950
259.1783,1.34,9914,8806,7234,7811,7124
259.1786,1.64,25161,11246,21085,15436,28148
259.9657,0.49,3063,3042,3428,3473,3311
260.1238,0.37,23541,28809,25325,24328,26042
260.1372,1.27,27312,30170,31313,35783,41639
261.8337,0.63,21049,17854,16248,15288,14739
262.0177,0.54,7556,7045,8073,7019,7209
262.139,0.39,128549,136518,119631,140290,134441
262.154,0.49,6020,5248,6476,5159,5013
262.1781,1.59,21111,21422,8441,26189,19785
262.1781,1.58,84060,40273,26009,16650,118825
262.1787,1.53,74676,84905,118527,73168,118322
262.1787,1.43,28462,9358,11367,14990,17074
262.2157,1.73,44898,30035,33335,49662,27480
263.2465,1.88,6457,5462,4568,3510,2770
264.1108,1.32,33953,31698,24094,29317,26964
264.1574,1.47,68191,58699,51876,55330,55113
264.1575,1.39,43847,38173,34587,25733,29067
264.1942,1.5,209788,191942,165251,196073,176618
265.0032,0.79,18861,20649,22001,19422,19701
265.189,1.41,117734,90151,91048,69507,62606
265.2255,1.74,19368,23128,17099,17384,17726
265.8423,0.34,4775,5790,6073,5874,6081
266.0362,1.37,4664,4888,5110,4268,4856
266.1023,1.31,15080,12980,15080,14302,12783
266.1642,1.81,18769,19009,21475,21475,17124
266.1727,1.32,31837,26857,25963,26945,26868
266.1887,1.63,14333,5763,35629,6411,23118
267.1325,0.5,20574,17681,17929,18837,18226
267.1472,1.28,13520,9479,12154,11692,11102
267.2048,1.4,8086,8265,31311,7470,7326
267.2049,1.49,30569,19796,32296,17449,16255
267.2924,1.64,7461,6493,6842,4811,5953
267.8391,0.34,1810,2180,1839,2348,2042
268.0807,0.52,15407,13599,14789,15369,17161
268.1444,1.61,104886,95124,90011,92146,88994
268.1675,1.73,15938,13594,8249,9051,59668
268.1678,1.64,66293,72430,85186,65429,60904
268.2039,1.59,9883,22443,19120,86799,64435
268.2045,1.72,24447,51079,29890,73584,68743
269.0348,0.55,5832,4609,5690,6901,6874
269.1478,1.27,14160,14954,15823,17583,13669
269.1837,1.31,10506,20506,14878,16143,17274
269.2718,2.28,26207,18057,11768,12447,9022
269.3086,1.67,29092,35062,24910,25307,26642
270.1414,1.6,33202,40770,34620,29950,35620
271.1905,0.36,2612,3991,3739,3621,2713
271.9365,0.31,4556,4533,4565,3308,6082
272.1607,1.41,722902,516436,125345,149640,520649
273.1943,1.68,53672,37420,31581,9207,27845
273.2661,1.49,250273,124360,301527,157335,246354
274.0014,0.48,12210,13987,15331,15300,15012
274.1642,1.31,17623,33391,29212,26514,25256
274.1655,1.4,12784,9206,11052,12534,13837
275.1285,1.25,3823,5236,5567,11786,10303
275.8714,0.33,6007,6450,5373,6436,6085
276.0891,1.33,6528,8734,10251,14190,12942
276.121,1.56,18400,12302,10128,16929,14230
276.1947,1.64,20866,24274,62556,59393,62665
276.2293,1.8,59830,36950,53237,35805,35190
278.0867,1.59,8662,25029,27430,31790,28500
278.1519,1.88,80988,68451,59115,50011,38841
278.2103,1.57,170106,163880,145218,138343,166964
278.2245,2.96,13289,87932,169456,114083,31513
278.2268,1.63,32572,40037,32191,43392,48379
279.0851,0.32,18059,17273,15980,15221,13768
279.1318,0.48,14424,15656,12518,19676,14521
279.1686,1.5,22883,22526,44139,22022,21569
279.205,1.53,20379,20645,20652,31068,22066
279.2051,1.63,3929,65517,74550,113610,67793
279.242,1.73,26239,18717,20238,25747,23383
279.8186,0.34,1566,1604,2069,1158,1633
279.9087,0.29,24475,27804,25163,22939,21935
280.2404,2.97,285299,74587,56783,12907,28992
280.2405,2.45,29030,26253,34716,17611,12472
280.2405,2.38,31475,17800,32784,2593,21276
281.1838,1.47,237979,201662,193068,164412,185062
281.1843,1.39,19865,13056,10133,11150,10914
281.1844,1.5,237979,201517,69535,43252,60736
281.2204,1.5,140783,135354,131148,124911,120412
282.1686,1.28,33773,41503,42166,33004,42626
282.2196,1.75,1576,18329,11676,13719,1912
283.121,1.69,6660,6654,7943,4010,6340
283.1555,1.63,18620,20343,17269,14195,12172
283.1636,1.32,32569,28011,24589,33693,33565
283.1997,1.33,16704,11300,12245,13698,9837
283.2874,2.67,8099,9734,14555,7140,12600
283.3239,1.7,37059,44368,39912,29943,32208
285.0902,0.48,4421,3699,4278,3987,4356
285.1368,1.65,301813,274281,257618,229455,215138
285.1508,0.48,6264,7136,6305,6550,5666
285.1709,1.6,129428,124610,122625,116825,116001
285.1937,1.72,29412,29688,29909,25343,27404
285.1937,1.37,88890,70368,65904,67883,69459
285.1946,1.64,93264,78627,78574,75899,79182
285.2225,2.23,6572,10376,6690,1849,
285.2307,1.76,22182,21939,18652,27522,24526
285.3031,1.61,37268,30033,32625,35613,35194
286.063,0.31,2912,2460,3130,2467,2706
286.0739,1.31,36190,36373,30710,35939,37573
286.9724,0.49,5456,5221,7239,6678,8059
287.1681,1.6,56651,51475,49889,47329,45096
287.2108,1.4,76932,58196,56990,52926,44679
287.2459,1.5,49722,46048,42147,43589,38075
287.2466,1.7,175250,145054,127812,107189,80285
288.1937,1.47,14076,12212,20461,15219,10707
288.2321,1.75,35682,28211,3640,5701,
289.2614,1.49,5496,4954,4296,7192,5751
290.2466,1.88,69763,55829,58195,45077,43704
291.1036,0.48,3519,4149,4148,3647,3407
291.2775,2.1,12264,11903,10213,7232,4322
292.061,1.33,5346,7229,8202,9797,9394
292.1887,1.52,285105,294413,285285,279036,273140
292.1901,1.39,29812,4871,13664,17409,4891
292.2255,1.65,307531,286036,287935,287326,284093
293.105,1.64,15302,10571,11256,7443,10917
293.1473,0.54,56521,56565,58782,58475,59141
293.2214,1.65,143701,116980,11807,96957,78452
293.2564,1.8,66665,64440,59348,56958,52099
293.2568,1.92,15564,16474,8192,11045,4872
293.2669,2.14,,6866,,,
293.9318,0.31,44646,42884,44797,43744,44824
294.1215,1.29,5288,5765,6757,5006,7516
294.204,1.4,41559,33219,28123,30005,32032
294.2046,1.52,47111,42156,46835,37576,35549
294.2195,1.81,34589,27684,26466,21116,15951
295.163,1.59,30229,24751,21721,34064,22780
295.1998,1.5,36779,31059,23431,23599,34982
295.2366,1.57,138460,130067,137513,126022,128015
295.2377,1.63,107266,225322,96389,88198,97936
295.2878,2.35,38711,32984,28361,17447,15543
296.1621,1.63,17535,5734,7204,8329,13518
297.1781,1.33,8308,6052,5157,4920,7126
297.2153,1.36,10217,9741,10787,7632,6961
297.2666,1.53,5345,3797,2925,4648,4575
297.3393,1.76,45325,32926,32386,26603,31680
297.3396,1.62,3267,2358,32513,2181,2147
298.2507,2.97,33761,141313,58325,83995,63071
298.2508,3.2,41046,152068,153079,126307,33433
298.2509,2.43,34043,30223,42338,61216,9124
298.2509,2.42,18009,82531,53926,61232,19419
298.2509,3.28,235068,156626,48575,59789,29751
299.1946,1.28,149812,84198,117062,147153,145570
299.2821,1.56,16919,16257,8003,11444,26072
299.2825,2.09,10002,7251,6751,4876,3668
299.8495,0.34,7098,6391,6717,6804,5844
300.1115,1.43,6325,7183,9477,7462,9333
300.1647,0.54,38485,36309,38997,40806,36004
301.1989,0.31,4234,,5337,6192,5520
301.2081,1.49,5000,6979,6669,7677,6115
301.2253,1.42,6114,5595,5070,4768,3050
301.2982,1.55,86195,92986,94628,91538,93799
302.0248,0.48,7754,7067,7563,6417,7902
302.2246,1.82,26696,27870,29001,9694,15723
303.1475,1.36,15478,18932,22584,8503,12984
303.2048,1.34,10479,12088,11966,11265,15580
303.2054,1.69,24545,14030,44735,10073,22795
303.2926,1.59,21167,19147,16298,17687,19138
304.0148,1.26,13971,12220,12330,11403,11488
304.0969,1.4,5893,7434,8937,9973,11345
304.1885,1.44,17051,13043,10369,10015,18919
304.1892,1.58,54736,49044,38130,43611,52329
304.2618,1.98,12162,18622,11692,11455,10152
304.2622,1.92,18369,22445,20486,10661,9143
305.2562,1.83,48098,43976,41289,41948,42322
306.1675,1.51,15241,16151,18418,39053,30094
306.2041,1.47,71140,57112,60524,68942,96839
306.2042,1.59,49638,33284,32750,45235,42541
306.2049,1.54,65162,36755,17073,19087,54076
306.2406,1.72,36577,46123,51171,43393,33852
307.2724,1.88,140060,124566,117713,104475,75425
307.2739,1.83,190429,38025,30347,17889,25966
307.8713,0.39,5967,5685,5738,6013,4452
308.22,1.45,6696391,6008638,5545970,5443263,5244048
309.2158,1.52,201543,201070,182247,198857,188637
309.2522,1.7,6392,9915,41567,51263,49076
309.2529,1.65,304329,314517,315770,289872,291724
309.3031,2.58,19686,19969,12288,6507,22984
309.3034,2.75,8618,12417,4229,4782,22984
309.9058,0.32,9130,8024,8468,8446,9169
310.1203,1.64,9853,8483,8672,9312,12193
310.1783,1.65,54926,71007,58797,44512,30408
310.1988,1.35,21269,29974,20464,22522,20048
310.2993,2.14,21503,23676,20388,14465,7283
311.1521,1.72,30560,26785,29215,22021,18650
311.2283,1.45,25231,19029,12548,16917,28451
311.2308,1.52,148742,134289,140016,121396,122082
311.3184,1.63,27179,27898,34747,21717,23527
311.3548,1.82,56093,62984,52263,58597,63806
312.1362,1.91,24757,96979,64160,89888,27511
312.1363,1.84,740464,621322,554258,469814,357051
312.1474,1.33,55349,58895,73518,49968,54631
312.1904,1.6,30919,47871,20940,45764,40658
313.1737,1.29,27305,28846,24391,27320,26875
313.2097,1.32,7096,13157,7718,9316,9252
313.225,1.44,43795,37247,30478,27572,24596
313.2624,2.17,10791,8985,12354,5971,5657
313.298,2.15,14904,15878,9070,11767,4881
313.3346,1.68,22984,23393,24678,22565,20449
314.1153,1.72,31077,31458,28731,25017,18856
315.1911,1.27,16377,10742,11226,13059,14044
315.2404,1.82,7836,9158,,,15231
315.2413,1.46,43751,39095,34210,36019,40198
315.2774,1.66,11602,8162,7037,8803,7028
316.1871,1.52,13165,14300,12586,24509,16115
317.0454,1.27,6209,7015,6727,6277,6471
317.1126,0.49,11489,11363,12955,13365,11991
317.9628,0.35,13066,13675,12615,14286,12986
318.1231,0.39,10853,9085,6945,10179,9152
318.2201,1.63,23090,66949,55538,49672,45574
318.2773,2.1,32282,60179,34390,27537,21473
319.2374,1.74,53548,69925,46121,51377,56181
319.9592,0.36,9330,9617,9419,9087,9369
320.1266,1.39,8313,5600,6065,6565,6145
320.1828,1.47,13304,10028,16396,6731,8068
321.2877,1.98,41731,49608,44494,34269,37665
321.288,1.92,61604,56317,39254,35482,17052
322.1989,1.53,74645,40889,85073,96288,99406
322.1994,1.45,99751,79812,75475,72263,60595
322.2353,1.57,54101,46217,51677,50951,68173
323.2306,1.47,324536,292794,262034,271348,299102
323.2311,1.53,104523,292977,29867,91222,48641
323.2571,1.36,5331,4963,7046,5807,5596
323.2668,1.8,14689,13660,13853,12690,11882
323.2673,1.73,59234,45132,40481,34897,42102
323.3188,3.32,26774,32141,19954,21503,18814
323.8013,0.34,4751,4394,4152,6247,4581
323.9868,1.37,4533,3766,4300,4958,5201
324.1361,1.8,7860,5387,6002,4873,3439
324.193,1.67,47417,13956,16244,7016,24930
324.1931,1.77,10543,16559,9194,6694,6239
324.2153,1.37,20104,19051,21061,21016,20382
325.2122,1.62,40540,26467,32681,25630,24688
325.2465,1.45,2281044,2033361,1876262,1797333,1715613
325.2992,2.14,6917,7202,7584,6217,3044
325.3706,1.67,9363,10459,7943,9741,10125
326.0012,1.65,128267,115295,114741,94160,95830
326.044,0.31,4589,4238,4571,4892,4774
326.0713,1.77,21318,18899,17063,12286,10957
326.1864,1.66,45516,52032,40878,46261,45587
326.195,1.3,15357,23021,17788,23811,25981
326.2097,1.69,94141,114766,114462,99583,102855
327.1532,1.3,5351,5531,5563,5001,5352
327.19,1.33,35023,28098,32950,31856,24809
327.2045,1.76,8809,9677,8130,9043,6043
327.2261,1.34,9501,8019,7259,8108,9016
327.3138,1.57,37216,18986,23377,25294,25474
327.9978,1.73,8926,27720,13262,10970,19139
327.9983,1.65,136154,105164,103442,92130,93706
328.1836,1.66,19417,19080,11985,27395,16927
328.1893,1.47,25172,36562,26158,40920,47589
329.2569,1.81,37146,35454,32020,29754,15392
329.3291,1.61,75318,73684,81929,70972,74127
329.995,1.65,49902,44956,36974,34366,34173
331.1414,1.72,27466,26790,22954,18371,16180
331.2352,1.4,6530,5645,3871,7554,1652
331.2421,1.27,5270,3796,2595,4326,4142
331.3239,1.64,73676,72404,71483,65774,67412
331.9919,1.65,7367,5732,4155,3701,5386
332.1456,1.43,22968,43787,27795,19342,21744
332.1637,1.43,26547,34297,20349,19125,19573
332.2365,1.74,38282,28880,17340,23099,39319
333.1324,1.25,9053,8120,9567,11274,14838
333.8299,0.33,4812,4907,4076,4054,5133
334.1297,1.4,4514,5200,9552,7796,16568
334.2136,1.63,17736,12465,30662,20140,27013
334.2147,2.29,8860,8299,12671,,4448
334.2721,1.88,23243,18494,14017,17286,11716
334.9713,0.48,5536,7818,6783,7155,7149
335.0069,0.31,1988,2176,2463,1990,1900
335.3036,2.1,129921,120130,143418,111225,73989
335.3185,2.66,18432,8245,9113,6496,4429
337.2098,1.56,19311,16524,21668,21489,22060
337.2103,1.47,13559,11633,11878,8930,10468
337.2111,1.63,14318,15416,18259,15060,18328
337.2465,1.6,21526,18203,28810,33119,20081
337.2472,1.7,59583,38047,56862,54259,47713
337.2825,1.8,31369,27762,25970,23910,19930
337.284,1.81,59707,13914,13227,27094,42110
337.3344,3.14,453733,372579,283412,217995,208178
338.2224,1.92,47111,45748,31952,20933,13335
338.2826,2.04,7428,16119,19493,4410,13107
339.226,1.44,40193,37067,32196,26985,32130
339.2262,1.53,523520,475853,470850,494001,451621
339.2519,1.32,3963,3912,4205,3189,8887
339.2622,1.56,285418,287943,255915,261908,270326
339.277,1.73,14564,14723,10322,8486,14474
339.3309,1.58,,,1131,910,859
340.0862,1.82,9423,9489,8032,7912,5678
340.2031,1.51,16120,36141,30107,11924,27225
341.0359,0.49,2238,2304,2180,2775,4114
341.1972,1.68,20087,12690,10614,11030,10033
341.2204,1.74,39203,39567,35965,34092,21643
341.2413,1.37,12954,10644,12076,10158,9577
341.2565,1.49,24572,20143,28964,15045,25626
341.3293,2.5,11286,8948,4585,3787,3215
341.3296,1.59,5634,19872,7296,9540,6951
342.1469,1.83,378936,353843,326645,274716,201463
342.1807,1.73,9788,9175,6531,5817,4711
342.1814,1.59,30804,45311,38576,44607,47096
343.0987,1.77,4435,3442,3488,3346,2320
343.1416,1.66,10282,11600,11029,8950,5785
343.2124,1.66,239674,234431,213804,219405,212464
343.2205,1.34,43323,39373,3748,5229,37500
343.2207,1.3,165443,154325,159388,157304,162137
343.2359,1.69,175268,159336,157533,154968,146604
343.2721,1.52,26567,27003,25698,37116,32839
343.3455,1.64,2508,9077,5587,1985,7397
345.1151,1.38,7766,7752,6152,13497,7068
345.2105,1.66,86898,82359,78975,77530,78160
347.072,0.32,7793,7769,6214,5715,6677
347.2316,1.67,46261,49740,23438,36079,55049
347.267,1.5,4284,1881,4066,2530,2005
347.2686,1.83,10541,6511,10832,12105,9642
348.2877,1.92,20692,23879,17266,15135,12889
349.3193,2.2,222325,270062,289978,213424,162461
350.2085,1.53,24009,117233,29776,6161,88530
350.2099,1.49,29211,30993,20309,17302,18003
350.2313,1.58,71707,68192,79284,70956,75034
350.2669,1.71,61545,79207,58553,63430,73994
350.3155,1.57,7776,5843,4418,6651,5458
351.0351,1.62,32689,30737,25720,26881,21609
351.2624,1.67,18318,7121,7803,6798,28834
351.2986,1.88,42255,60934,46734,50478,36478
351.2989,2.01,3754,8073,11588,43210,6179
351.3136,2.07,21625,32825,30203,14008,7905
351.8903,0.32,18742,17428,19590,19063,17213
352.2464,1.46,14406,10849,11760,20977,10066
353.2052,1.62,35250,23648,36684,24216,33329
353.2053,1.52,15142,13718,10248,9591,7961
353.2415,1.66,15821,16660,14825,14401,17021
353.2418,1.55,42489,37319,38596,42445,42620
353.2782,1.69,85474,35080,58538,24514,13384
353.2784,1.63,108758,115391,105694,87602,100266
353.2785,1.78,29018,17764,7897,14228,18725
353.2927,2.22,73829,91486,73961,58365,34973
353.3281,2.28,21624,20542,12266,9088,6647
353.3294,1.59,13306,10740,10763,5865,13596
353.8861,0.32,6615,6257,6135,5558,6490
354.0511,0.31,2427,2647,2605,2786,2819
354.102,1.88,4201,3099,2313,2131,1744
354.1801,1.56,22109,15569,13700,21472,11498
354.2026,1.71,32440,30817,5331,19407,24948
354.2173,1.83,40744,36286,37808,34670,29831
354.226,1.35,8666,7750,10503,9813,9739
355.2208,1.47,10355,14969,11863,13205,9808
355.2576,1.4,23288,4179,12927,27254,6594
355.2721,1.52,10177,9922,9856,9058,9107
355.2727,1.87,85805,72255,56259,48568,39752
355.3098,2.5,24071,25401,17896,16242,9907
355.3449,1.78,5035,5384,7976,17442,10939
355.3456,1.63,70052,78946,77251,73122,75580
356.2928,2.04,14070,21957,16187,11050,7420
357.2004,1.3,24826,24473,31200,28176,28683
357.2515,1.81,35847,33227,36907,35831,27494
357.2516,1.92,8700,8424,6169,4863,4819
357.2887,1.54,10481,8678,10688,10507,9971
357.3604,1.67,60941,52362,61195,53003,47276
357.8353,0.33,4310,3491,4154,3281,4048
358.2126,1.63,36212,38286,60072,24980,45616
358.2216,0.64,21895,22387,21440,20676,20826
359.1022,0.54,8767,8115,8611,11097,8560
359.1733,1.83,145842,128582,108374,96863,70263
359.2155,1.28,14670,13680,23579,13917,14255
359.2677,1.75,25000,9995,10241,2181,3202
359.3555,1.7,26048,27365,22497,25155,26296
360.2152,1.86,21947,18729,23210,13516,9821
361.1102,1.47,10350,10256,7864,8324,7780
361.2216,0.49,4483,4436,5787,4039,5165
361.2458,1.82,9527,15924,8478,14084,7400
361.9193,0.32,42070,42397,45284,42647,45004
362.0168,0.48,3236,3824,2824,4263,4102
362.164,2.05,9089,6815,6409,5523,4263
362.2304,1.63,18740,22609,22608,39460,24971
362.2453,2.66,16746,18946,15782,6228,12221
362.3033,2.1,12654,14471,20866,15430,15101
363.2624,1.7,17187,7284,5406,6408,4329
363.3347,2.44,19696,35188,15714,24447,11929
363.335,2.37,37708,37839,31904,24396,21769
364.0589,0.31,2703,2422,2629,1753,2668
364.2375,2.09,44502,42886,43675,33860,27704
364.2382,2.15,85103,83557,90764,57529,50010
364.2461,1.53,21751,26260,38685,41728,35417
365.2782,1.73,48831,70374,52063,55628,50518
365.3137,1.99,8765,63255,34153,35917,6707
365.3143,1.92,83629,72813,64864,55705,50696
366.1431,1.25,9341,11735,11654,9521,11285
366.2028,1.48,29054,37832,62325,56782,68163
366.2297,1.41,15273,8709,13364,8449,7355
366.2533,2.15,31527,29430,26218,15722,15541
366.2618,1.51,1940940,1928522,1981441,2005506,2029079
367.257,1.58,272697,287221,280542,271888,270173
367.2938,1.71,354681,342229,347305,323916,316976
367.3705,1.56,,,669,567,
367.8275,0.39,2638,2811,3569,3839,3144
367.8643,0.33,4592,5046,4838,5497,4477
367.9787,0.49,4043,3540,3136,3400,923
368.1184,1.92,5003,6145,4169,2210,1578
368.2918,2.24,,5678,,1524,2060
369.2724,1.45,36323,29823,42579,47753,46422
369.2729,1.58,221101,195160,207767,194692,202320
369.2872,1.54,47102,35794,30745,42665,49980
369.2897,1.98,4810,,5926,8252,6816
370.0939,2.29,17596,22171,15292,10955,9270
370.176,1.69,12403,5777,5342,4918,4240
370.1969,1.6,5504,13443,8306,6008,5164
370.2325,1.64,55512,46867,53063,46113,39790
370.3083,3.1,133555,257561,189642,131242,153956
371.1512,1.37,8799,9402,7262,8698,10104
371.1792,1.3,8296,7711,7893,8136,8880
371.2157,1.35,17747,26264,22759,24953,23774
371.2417,1.3,8971,16064,16292,17129,12112
371.253,1.35,17208,7595,8921,5254,7595
371.3042,1.58,27716,21380,23418,20658,24852
371.8747,0.3,1824,1956,1833,1555,1989
372.1637,1.25,4049,,4428,5894,4493
373.1487,1.37,3830,4409,3649,3513,3554
374.207,1.63,63035,55091,51969,51425,32717
374.2277,1.58,18193,18522,17320,22477,24216
375.2528,1.66,23476,23476,21168,32196,44995
375.9213,0.35,8066,7741,8890,8643,8530
376.222,2.3,62872,56660,60552,44131,33518
376.2236,1.63,88337,48177,76365,65852,46467
377.2775,1.9,26544,17285,14184,9422,7087
377.3137,2.03,4075,4446,2746,4257,3654
377.3515,2.66,20662,23446,16358,14829,17033
377.8944,0.32,9477,7727,9651,10305,8551
377.918,0.36,6901,7903,7996,5370,7316
379.1738,1.25,5312,6091,5764,5547,3808
379.2566,1.62,87297,66697,77916,93213,57171
379.3299,2,30790,29556,5879,12950,9525
379.3304,2.1,107700,115136,76198,87615,57077
380.0185,0.31,1975,2224,2128,2325,2052
380.2413,1.49,73827,72047,55100,79732,64518
380.245,1.43,8181,15675,17010,17536,10718
381.2348,1.66,12484,9872,20833,15582,15763
381.2362,1.56,25305,25545,26403,29090,26167
381.2725,1.64,8989,55358,116749,118685,66299
381.2726,1.64,124354,98626,114886,40940,52853
381.2728,1.53,250452,281399,234308,222635,255010
381.3091,1.79,34712,19635,17939,33105,17141
381.3097,1.86,24947,13235,23994,59210,47264
381.4342,1.78,25748,36284,30289,35237,27098
382.1088,0.36,7852,7463,7982,2813,8199
382.2121,1.63,36202,37146,32905,22259,16975
382.257,1.41,9634,10780,8266,6885,9018
382.2724,1.87,16241,22660,25785,12275,11733
383.0742,1.42,4141,6434,5515,4380,4834
383.2524,1.67,38746,17305,7687,20289,11889
383.2884,1.51,6331725,6107344,5963302,5814014,5706886
383.3399,2.42,19014,17538,20603,12500,20433
384.0429,1.7,2023,1401,2379,1660,1706
384.2275,1.71,29081,33885,44930,24363,30054
384.2506,1.74,38535,34040,51097,36130,29321
385.2681,1.38,7716,7862,8578,5908,8125
386.1727,1.61,11899,17386,15287,17502,13792
386.1866,1.66,13363,10442,19356,12138,11240
386.302,2.07,12094,79072,53320,19256,7353
387.247,1.3,135916,95537,139554,139998,130722
387.2471,1.35,37038,28641,21674,22585,25264
388.156,1.44,8276,11506,10281,8895,6969
390.1968,2.24,11673,10347,11252,8596,3120
390.2014,1.48,56041,79735,14232,23802,20806
390.202,1.53,17904,44381,46342,19442,39983
390.277,3.06,267250,297932,195061,171370,207165
391.2473,1.75,46847,47753,25951,33092,19042
391.297,1.82,,7168,9775,5562,
392.1852,1.49,9237,23386,29089,23417,37213
392.2694,2.47,28151,20308,24667,12347,16441
392.2698,2.39,20789,16688,14801,10673,11965
392.2791,1.77,7385,8406,19824,31708,4434
392.2792,1.66,109184,107866,109360,105487,104917
393.0656,0.49,1412,2047,2208,2269,2001
393.2884,1.54,6986,7076,13277,7406,15121
393.3454,2.21,269739,397094,191055,225469,177393
394.0319,0.31,2489,3422,2474,2293,2804
394.2408,1.35,7616,8233,8330,6325,7194
394.3092,2.18,16427,102883,46380,53818,26452
394.3551,1.72,52939,68483,53746,43772,39498
395.2511,1.52,23813,23289,28019,20737,23482
395.2526,1.61,18622,22284,40725,23598,21962
395.2886,1.65,30020,28597,28388,15374,19687
395.2886,1.79,16015,10853,22149,18485,12433
395.325,1.88,42986,30770,39579,35460,27763
395.3404,2.95,85324,75896,60332,55658,56149
396.2274,1.74,31458,25628,22840,22414,20972
396.2287,1.77,5076,5460,5878,3532,3869
396.3454,0.52,4769,4374,5603,3400,6369
396.3733,1.43,4665,1985,710,1362,2129
396.7685,1.73,5379,,12892,1440,8732
397.2666,1.63,95065,13249,91076,81039,10452
397.2675,1.58,581440,564923,562369,558958,536597
397.2675,1.49,124829,108779,96917,110091,114221
397.3043,1.62,276372,291999,251136,262321,251177
398.2436,1.86,388887,386806,345785,304525,234543
398.2532,1.36,,5402,7386,4848,5826
398.3031,2.05,51291,36999,32043,26880,16032
398.3033,2.21,7826,12134,8342,25522,12728
399.261,1.76,10834,9587,8374,8050,9384
399.2832,1.41,32811,14547,10920,9492,25290
399.2984,1.87,117332,112352,95413,86831,70638
399.3349,1.63,162481,155539,140973,146395,139446
399.3351,2.47,25818,20477,14830,7169,7871
400.3337,3.05,15513,8493,9778,8463,6899
401.2263,1.31,21733,27317,26270,27839,26229
401.2544,1.71,251999,254876,250084,235111,236551
401.279,1.74,299461,298020,282698,262325,245529
402.0452,0.31,1460,2002,1814,1881,1757
402.2228,1.58,22324,33310,31132,36741,39856
402.2255,1.97,12353,8671,6278,7828,5346
402.2589,1.62,9811,8420,12262,13099,13523
402.2979,2.25,73899,92079,68331,50306,46656
403.1996,1.61,32468,34901,29814,25039,24215
403.2419,1.29,9895,11420,12623,15991,11283
403.2515,1.71,86149,91695,82031,82078,76094
404.022,0.48,3378,5088,4780,5259,4035
404.3651,2.93,14396,15399,20145,7672,17817
405.3457,2.52,6298,9788,13897,8031,12975
406.2711,2.06,27878,25492,35195,8754,8200
406.3808,2.75,14689,18377,6955,6866,2715
407.3611,2.43,20668,18889,28993,16309,16848
407.3614,2.37,35031,39363,34987,31732,26317
408.1939,2.3,4385,4749,3805,3366,2549
408.214,1.43,7924,10898,11813,12780,35996
408.3052,1.77,40897,35338,48821,22153,11911
408.3239,2.54,13665,3760,6117,5142,
409.3402,1.99,9095,10562,20024,9601,11478
409.3404,1.91,97286,88714,83492,81392,61108
409.8488,0.33,8015,8507,7981,8379,8554
410.2801,2.15,14511,13679,12766,16199,7202
411.2467,1.66,14145,30179,34746,17987,13171
411.247,1.57,16585,16008,11617,20933,11214
411.2832,1.61,26366,34217,29935,37954,36002
411.3195,1.69,98146,76694,80467,88231,82640
411.3343,2.18,224936,212842,186177,146124,108704
411.3348,2.24,164053,111351,96612,81290,18924
411.8476,0.33,5152,5158,5609,6174,5750
412.2227,1.83,8427,7313,6742,8982,7442
412.2229,1.63,19130,21574,15907,20755,22255
412.2232,1.77,5027,7557,5863,6734,6414
412.2988,2.04,13361,11016,11893,9224,5668
412.7921,1.63,3801,2319,2229,2479,2421
413.2622,1.52,48576,25224,18919,18948,22094
413.2929,1.59,23290,18165,11302,15734,14898
413.2987,1.52,8896,7611,21784,12514,24253
413.315,1.99,7222,6409,14137,9098,6590
413.3506,1.67,12481,8432,8326,7649,9766
414.2043,1.67,179879,148309,149585,124655,107862
415.0612,0.32,1734,2204,2197,1874,1944
415.2052,1.32,6753,6731,5441,5935,4690
415.2311,1.26,11380,7502,9120,3698,7864
415.2416,1.35,15697,18054,14376,12905,10357
415.2565,1.81,9606,11272,9583,6122,4714
415.2924,1.89,14098,20244,12745,12649,14807
417.2401,1.32,8319,9330,6850,8960,9613
418.1964,1.59,11654,12899,9509,7181,8277
419.3248,2.25,455361,450649,414984,339376,252122
421.2108,1.26,6730,7115,6443,6309,5604
421.3201,1.58,13614,14306,14776,18517,14180
421.3762,1.41,5209,3915,3058,2792,3603
421.3765,2.65,22088,13459,11210,17884,13727
421.8761,0.32,5917,4661,5001,5645,4823
422.2792,2.33,40751,38455,37752,32589,22072
422.2797,2.4,12603,6564,5974,6067,43418
422.3776,2.48,11483,29626,23093,13781,12615
423.3202,1.87,6817,36228,14767,10180,3986
423.3205,1.79,22400,16178,14811,12772,33186
423.3353,1.6,208149,187590,207656,194075,198129
423.3557,2.07,49108,25086,32772,36190,30009
423.3565,2.1,87267,97922,58943,64262,51408
424.2952,2.12,34279,32908,35523,25075,23118
424.3038,1.56,450562,489825,542224,568036,568790
424.3921,2.75,17716,13883,7833,2872,4603
425.2984,1.71,217006,51813,48129,60482,175525
425.2997,1.63,121800,110441,122921,113502,120673
425.3349,1.77,253767,169896,233682,222688,214969
425.3507,1.65,317817,280385,297601,281754,281188
425.823,0.33,3406,2006,2427,2045,3144
426.2409,1.72,6633,8293,9030,8176,5250
426.3499,2.39,24989,14645,20635,7240,10141
426.8088,1.71,13998,14191,15508,13931,14043
427.3137,1.68,25037,31512,11978,28224,29283
427.3145,1.5,41175,39769,44692,37679,34896
427.3153,1.64,166690,163388,161500,158285,166508
427.3659,1.71,79756,109169,63517,74231,61564
428.2739,1.69,44376,42116,46038,44718,38078
429.2936,1.38,7621,7370,7172,5430,5578
429.9067,0.31,34198,34280,34390,33222,34412
430.2553,1.63,8908,18928,27788,26956,15210
430.3449,2.33,19857,97494,75548,33496,23832
430.4131,3.36,101603,88409,105626,113626,36127
431.2311,1.67,119148,116300,99817,84357,67751
431.2735,1.37,7157,10910,25966,4532,18981
431.2738,1.31,117422,93265,107479,105239,94514
431.3033,1.59,19681,23221,26868,25442,23662
431.3414,2.77,15216,14825,9779,8622,8080
432.0454,0.31,1599,1355,1213,992,
432.2708,1.64,20973,19234,18193,18050,23778
435.2276,1.59,12982,10932,8922,22201,27081
435.3928,1.42,12872,10304,9966,9876,9356
435.8501,0.32,4866,4618,4878,3266,5841
437.2909,1.88,26959,20046,22866,20852,16756
437.2983,1.62,10402,9594,10616,8416,14008
437.2992,1.68,65077,63468,59572,61173,59216
437.2992,1.72,14856,11334,16067,3492,11256
437.3724,2.2,235896,332085,241304,324343,276421
438.2822,1.55,31819,30437,37214,36033,41864
438.2955,2.04,9175,7423,10313,6223,3423
438.334,2.18,91452,174730,31446,45893,18747
439.2204,1.27,4004,2574,4376,2114,3392
439.3147,1.69,81065,83101,78448,22630,73341
439.3157,1.58,146477,139321,137870,118688,143938
439.8571,0.31,4313,3564,3335,4261,3845
440.2893,1.97,32581,35093,13755,14354,22192
440.2901,1.93,31179,27412,14124,7954,17319
441.3096,2.01,10644,9768,12513,14952,8581
441.3301,1.56,5789102,5678560,5619975,5454825,5350756
441.8133,1.66,4204,5571,7673,9427,7587
442.2532,1.67,7199,23259,9384,14679,7218
442.2926,1.79,9299,14166,22124,17539,13407
442.3273,2.21,9748,3691,6466,12556,6036
443.3095,1.41,12011,10199,6368,6606,
443.3251,1.87,203868,190166,178359,157093,131298
444.2709,1.58,9628,13418,19096,21383,14891
444.2875,1.91,8484,7685,10384,4191,5115
444.3075,0.49,11110,13671,12470,13904,12177
444.37,0.34,,7166,7452,8999,7694
445.2534,1.32,23288,20344,18595,20184,13344
445.8812,0.31,6650,6985,6599,7077,7183
447.2679,1.3,15390,14659,10210,12543,15838
447.3345,1.61,42518,36214,32893,38909,32870
447.3552,2.62,26789,25522,24386,18240,15981
448.2795,1.87,8830,10660,9143,9837,8611
449.3155,1.61,36277,30220,28141,52944,29945
449.3496,1.63,26949,23265,22681,16248,18877
449.3725,2.53,18981,8793,20424,4972,10113
450.2136,1.56,,18500,14973,4507,13232
450.3062,1.82,18736,19660,18436,18277,16244
450.3115,2.75,11800,8878,13109,12140,8010
451.366,1.67,11534,14190,12386,12422,19116
451.3873,2.42,21281,19821,27655,25483,51693
451.3873,2.38,65432,57959,138311,39568,36819
453.2855,1.81,53720,58092,40173,43852,34636
453.2935,1.66,17246,23893,15675,15820,29069
453.2938,1.66,10146,6909,50011,3958,44942
453.2939,1.57,19906,28143,22757,15896,18709
453.3292,1.7,4601,6711,7664,4011,6966
453.3665,1.91,137412,131721,127265,137529,117465
454.3675,2.22,24804,21380,17696,15768,3228
455.3097,1.54,159722,152291,136327,149056,141661
455.3104,1.63,442033,465850,433921,393689,421947
455.3245,1.49,9185,6751,154337,9792,6356
455.3457,1.67,185045,183639,174594,179361,180809
455.3607,2.24,239049,262472,179643,16723,15894
455.3614,2.18,291801,259914,244845,191812,162754
455.829,1.76,18696,21740,1916,24914,24960
456.2948,0.36,39314,24059,34967,24777,32414
456.2951,0.49,23620,10707,17660,18930,40599
456.429,3.37,261863,247455,119190,133934,71766
457.2814,1.79,5951,6726,6523,7305,4639
457.3047,1.82,16929,24079,16197,15811,11324
457.3253,1.45,26368,23290,20174,14048,10451
457.3421,1.98,5149,5464,7178,8405,12392
458.3016,0.51,18629,26939,19664,31125,23937
458.4441,3.38,39448,30249,21735,50403,55049
459.2341,1.32,6394,5552,6322,9522,6735
459.2973,1.77,221838,222124,209343,197768,196079
459.3045,1.36,11888,,,8599,7234
459.3198,1.79,388408,375579,379283,334995,331565
460.2641,1.63,21975,21431,25624,32400,27778
461.2658,1.33,6776,7597,11816,8629,8271
461.2914,1.77,77639,83064,75492,75668,67682
461.2954,1.82,4872,8486,7132,6339,4571
462.0187,0.31,2450,2134,2641,2259,2133
462.1,1.26,4997,5842,6102,5390,5066
462.1224,2.03,5689,4585,4139,3972,2869
462.3472,1.99,16657,6808,13763,11118,8807
462.3714,2.65,16737,10598,7966,9150,2059
463.306,1.92,15748,15243,11340,11345,8592
464.2619,1.48,6249,3360,3334,9006,5873
464.3498,1.92,12020,12445,8594,4957,2298
465.3078,1.49,7078,8921,12264,7654,7661
465.3222,2.21,38143,31079,25469,26320,13427
465.401,2.65,19700,16496,17478,18536,19403
465.4032,2.83,8570,15691,8103,9905,15616
466.3668,2.1,14946,21994,51680,65029,50919
467.3014,1.68,360751,319044,321286,318696,306981
467.3821,2.07,58048,55998,53937,103698,29365
467.3822,2.1,58048,55636,56294,54661,40001
467.3831,2.07,55213,66910,127398,103479,59630
467.7748,0.33,5394,4415,5158,4739,4096
468.3216,2.3,25413,23491,14952,15702,11454
468.3219,2.22,56039,50809,44593,25158,33876
468.3814,2.42,150697,162892,113657,65845,38166
468.3816,2.35,334820,280095,218398,127635,81835
469.2884,1.61,17474,18898,19061,14139,15627
469.3253,1.68,35972,49393,42051,39759,13749
469.3616,1.75,87883,77201,74772,75883,85824
470.0331,0.31,2039,1395,1549,1562,2004
471.3034,1.55,20064,22339,41589,34243,37511
471.3434,1.57,22710,5366,24319,35038,4968
472.2578,1.67,16255,17968,17968,21415,14781
473.2847,1.36,10500,7242,8553,7740,8435
473.2991,1.86,8575,10660,9943,7745,8446
473.3362,1.96,3260,5059,4867,4138,10497
474.2895,2.54,60031,482982,243971,99727,44147
474.29,2.91,6285,73404,43777,26173,150916
474.2907,2.11,325447,479749,16974,,1521
475.1296,1.26,3472,4639,3543,2944,3415
475.3004,1.32,81659,74157,76545,80421,72964
477.2847,1.73,100207,107588,101656,81379,81023
477.3154,1.64,18495,7922,11918,6440,10719
477.322,1.89,22792,10230,16630,32217,18177
477.323,1.97,30669,29229,27560,42014,18940
479.3015,1.85,87742,54264,65504,51247,41550
479.3382,2.11,379402,341844,354569,298703,221531
480.322,2.74,42674,40937,51965,44817,55515
480.3924,1.37,13057,28066,33586,31169,35247
481.3161,2.01,62683,5259,47406,4526,3628
481.3162,1.74,46438,43883,39609,32402,32307
481.3164,2.09,75219,67662,72344,55048,43754
481.3175,1.78,270895,215467,220236,202427,178982
481.3531,2.48,797129,472576,350863,668382,492343
481.3532,2.44,445734,65947,210777,149503,132925
481.3985,2.2,202538,437438,285984,255911,215372
482.3005,2.1,60912,54664,51329,47659,29455
482.3211,1.25,14404,15932,15236,16871,12895
482.3355,2.44,43456,16441,8962,12949,3397
482.3455,1.61,121786,121238,156020,178055,190387
483.046,0.32,947,1242,1240,1285,
483.1488,1.64,1772,1775,1982,1748,1556
483.3413,1.68,38219,44878,50157,41524,44905
483.3768,1.83,164777,153847,150659,156558,144745
484.3262,1.32,5269,6503,6939,6199,8154
485.1444,1.64,1707,2021,1430,2020,2250
485.3348,1.99,12489,12569,13664,14974,11747
485.3563,1.69,114925,81049,103783,84472,106687
485.3567,1.55,35561,32017,31867,30977,31853
485.3568,1.62,14507,17753,17793,13581,21237
486.2601,1.6,14811,31574,31908,29878,30934
486.3164,1.73,26908,30907,30866,30407,31253
486.3886,2.21,20865,16632,18480,11000,6847
487.2905,1.69,29468,21163,22721,23841,21031
487.3369,1.42,9237,6970,6747,5836,5660
487.351,1.86,224055,221231,215603,201684,177619
488.2697,0.33,1335,1296,1249,1589,1230
489.2782,1.32,19744,16702,15385,8491,10786
489.8633,0.32,3762,4207,4289,4947,4603
490.3034,2.22,115114,13639,7737,11712,8048
490.3665,2.22,155694,19108,20707,,14727
491.2939,1.31,11331,9932,9727,10659,13195
491.3152,2.43,140545,218876,118417,54434,2448
491.3164,2.69,,4322,117088,54221,34168
492.3061,1.87,687627,23563,13799,24745,25087
492.3802,2.42,11981,19570,8881,9042,
493.3118,2.68,34119,35282,21558,19010,15886
493.3162,1.73,1047127,919400,843369,760594,720035
493.4331,1.44,8894,7501,7887,9417,6171
494.1831,1.67,12002,11889,9331,10245,9666
494.3972,2.47,82648,236938,163768,242596,97398
494.8291,1.81,4171,4311,6597,5796,6808
495.3318,3.36,143241,123467,124867,89250,104613
495.3325,1.95,27503974,23939606,21028497,17631445,12001941
495.3329,1.88,4024184,3408521,3232782,2993838,2352499
495.333,2.22,90983,335326,144502,,
495.4134,2.37,69119,70861,326328,55570,64211
496.4628,2.16,6353,2466,6351,5049,662
497.3577,1.63,59173,56323,61188,54244,53904
497.3578,1.74,15845,29489,26737,13935,19870
497.3924,1.91,218758,186340,181979,172116,177305
498.3327,2.07,84578,228410,92330,6880,60386
499.3726,1.61,3546968,3548896,3379839,3405261,3343389
499.3861,2.24,184105,177497,191975,110081,142511
499.3876,2.18,232014,218802,187263,179501,154956
499.8558,1.74,9245,9763,7828,8239,12125
500.2985,1.26,,,2235,1401,2605
500.332,0.48,29987,26985,28958,27783,24631
501.2848,1.72,48077,52186,48370,50007,37411
501.3282,1.83,15559,23768,20082,4864,15079
501.3504,1.45,11441,7972,6150,10381,11348
503.3304,1.37,6659,6460,6499,7669,8219
503.8394,0.32,3187,3454,3658,1989,3374
504.3426,1.92,,4588,,701,31645
505.3524,2.22,65302,57192,64897,55493,43300
507.3333,1.86,81303,68999,69096,116728,58289
507.4511,2.2,23308,32651,23396,24400,14597
508.2788,1.86,2259,4608,3704,4362,5110
509.3479,2.18,359714,180373,156055,183116,176456
509.3842,1.6,8330,88548,88913,53369,35750
509.4288,2.64,13287,37164,13933,14828,12589
511.2102,1.67,7298,8430,8810,6403,5078
511.3287,1.5,17809,23587,27496,38192,24718
511.3291,1.7,15997,17157,21704,18018,27409
511.336,1.62,11561,15973,18494,19703,25533
511.4079,2.07,49126,68853,61275,51342,66481
511.4086,2.07,59963,59191,54823,99372,64705
513.1834,1.39,12065,11548,7706,11051,7172
513.3512,1.68,282358,297822,277428,290075,269561
513.3514,1.59,82192,111274,107080,102237,92394
513.3863,1.74,117903,103135,113212,125873,122408
514.3651,2.66,7427,11905,13133,,3976
514.4241,2.38,24027,29417,11146,9345,9543
514.8615,1.69,4783,5672,4933,4828,4787
515.3667,1.49,13756,24943,20293,13193,18083
516.4385,1.73,30619,27148,32036,30396,27739
517.314,2.48,118840,60940,57900,37725,38953
517.314,2.22,71276,65927,81536,13104,7804
517.3152,1.93,167730,80534,38841,82419,101113
517.3152,2,586282,298202,211263,192213,206931
517.3167,1.68,162849,151227,135708,105490,123763
517.361,1.85,204082,217870,208950,199593,175366
517.3614,2.46,28049,30969,22060,13387,15435
517.8195,1.88,5406,4359,7876,7827,4002
518.1408,1.39,5188,10368,10224,8923,9144
518.2526,2.42,10072,40184,7971,,
518.3447,0.36,,,6228,7521,7242
518.3952,2.89,25324,35515,32732,20522,18450
519.3256,1.33,49682,57707,61530,61907,60953
519.3328,1.87,447393,593429,342610,426043,4783128
519.3331,1.79,7654795,6736672,7019103,5473974,5084963
519.3334,1.75,677573,624326,5632598,464635,401085
519.4593,1.99,4321,1918,,1553,2313
520.4122,2.69,,32387,,,7394
520.4126,2.28,38389,40846,32640,29436,15436
520.4126,2.34,201113,157330,129437,95971,65947
520.8798,1.94,7120,9514,10840,13338,11978
521.3483,2.05,7959366,6983969,5767738,5121082,3522383
522.3201,1.86,8838,363,5761,7469,7925
522.429,2.48,16928,20574,12527,6398,
523.3404,2.78,12525434,4679197,9752179,8317064,6996314
523.3635,2.5,1549582,1102768,1335017,1222016,1073211
523.3636,3.35,527970,384100,283614,487673,185713
523.3644,2.75,242889,5385381,12228226,10412212,9253650
523.4935,2.78,2323,3286,1361,12604,1706
524.3108,2.22,9885,8229,9335,5021,6585
524.4972,2.74,1211,196,336,1521,395
525.2577,1.59,16608,14680,20152,18576,22339
525.286,1.7,32917,45979,38903,30876,32235
525.4248,2.19,202162,198248,236244,84871,107535
526.363,2.37,18056,25537,60454,20637,12326
526.3633,2.3,39435,40830,59408,26528,21464
527.3301,1.65,9719,10142,8118,17273,11896
527.366,1.7,10747,15399,16607,13165,9285
527.4025,1.81,89468,87092,96042,91407,84245
527.4031,1.87,15743,23152,18039,8372,3364
528.3759,1.79,16610,16596,15049,16500,19137
529.3617,1.99,13349,13240,12497,14795,14288
529.3621,2.15,6545,7209,9816,6059,6206
529.3821,1.61,19476,13424,18000,23790,22376
529.3823,1.54,3666,4749,2492,5209,30443
529.7613,0.33,2581,2318,2235,2118,1991
530.2125,1.59,8896,9318,8295,6871,6439
531.3298,2.22,21175,22363,27330,17159,14263
531.3623,1.42,12605,7204,7996,7152,4989
531.3778,1.86,253955,251262,247070,230013,208041
532.342,2.41,6411,81042,26353,2282,10553
533.3044,1.33,13927,12192,13452,14903,15241
534.1129,1.39,899,2027,1667,1218,
534.3906,2.25,36475,80700,46648,28671,25425
535.3205,1.32,5201,5660,7140,5721,8584
535.3274,1.54,53496,53846,71931,72065,80434
536.3331,1.86,26360,8789,5354,12677,11024
536.4065,2.21,237050,30598,13573,10780,12030
537.3813,3.38,,,28502,,17568
537.4364,1.62,5305,5812,5826,6843,5142
537.7922,0.33,3738,3169,3766,3424,3449
538.02,0.31,2153,1471,2016,1671,1773
538.3583,1.81,8232,4111,,4818,4741
538.3636,2.94,212031,158300,168377,164103,93934
538.4227,2.34,307531,292183,102988,106414,56906
540.3425,2.15,79164,82955,82889,81781,55754
540.3801,2.32,65556,33950,31576,28521,40794
540.3879,1.66,45225,49549,58065,54928,59109
540.4411,2.37,,64783,23938,38324,22293
541.3147,2.22,4596,3910,2825,,
541.3168,1.67,116771,103125,93572,102143,102219
541.3834,1.72,16278,20503,20290,14002,12935
541.4191,1.9,170283,173094,182112,179101,160548
542.8929,1.93,12035,10575,7988,8603,9984
543.3297,2.22,77550,48207,45354,9731,113555
543.3301,2.35,13387,75619,10419,17783,
543.3335,1.77,2157325,1992574,1797239,1571287,1400740
543.3937,1.75,35693,38054,1524,33253,36187
543.3969,1.74,37520,38895,28483,23282,32978
543.3984,1.66,40124,37651,29400,31421,34786
543.399,1.6,18973,18095,12299,16137,18944
543.4138,2.23,13140,145093,53557,95496,162136
543.4139,2.18,138846,142398,130561,120039,110645
544.3012,1.64,28312,33971,38932,42770,46441
545.3447,2.48,,,181177,117754,117938
545.3461,2.89,905388,1341725,344468,526092,663392
545.3477,1.82,41116,44129,443654,49724,43763
545.3489,1.89,646611,520299,457589,417861,331331
545.378,1.46,15074,11560,10789,11107,9356
546.2121,1.63,17918,18971,20123,15910,14151
546.429,2.76,28684,47634,23588,5586,29660
547.3637,2.17,154839,145951,132575,119995,81381
549.3788,2.91,107851,195484,160552,80044,90964
550.0906,1.39,3402,2013,1221,982,1668
550.436,1.85,114682,3897,84325,71491,30739
550.4361,1.9,234900,226286,20887,22472,11677
550.4364,2.01,70357,29208,25876,19833,11404
551.3222,1.47,5451,10297,8723,12513,6294
551.3946,1.78,20913,22803,54876,42660,48602
552.4787,2.5,62196,78882,65866,30185,25494
553.1691,2.29,19621,22326,16700,11996,10124
553.3821,1.77,19382,15395,16161,20255,23390
553.4548,2.63,17203,16400,13821,15726,13657
555.1671,2.29,7295,7887,6642,5141,3979
555.3968,1.68,29432,29485,36819,25484,28301
555.435,2.06,49084,58782,58057,50737,93690
555.8526,0.32,9331,8206,9525,9263,9599
556.3586,0.49,16421,16322,15563,16103,13646
556.373,2.11,196878,193088,116340,143876,127909
556.3748,2.11,200078,261200,209861,202202,194145
557.4133,1.71,205698,239305,222808,1282649,1261152
557.4134,1.66,1183653,1126837,1113343,1268377,1262391
557.5458,1.7,1171,,,,
557.8505,0.32,3330,3688,3021,4027,3691
558.4174,1.66,326178,316754,307461,311626,301066
558.509,2.22,70006,12208,13684,62814,1803
558.5097,2.47,47400,17545,25545,20838,25002
558.51,2.42,53350,19657,12348,20732,14650
559.3269,1.57,15154,41533,37175,48471,55368
559.3953,1.49,11110,8518,6600,7018,24459
559.863,0.31,2241,1605,1619,2036,2823
560.4072,2.22,70497,16776,39331,86163,9673
561.3424,1.59,20481,25431,29856,33378,42308
561.7959,0.32,2294,2023,2389,1697,2643
562.3672,1.47,237497,203228,186356,185700,178877
562.4208,2.38,115429,115334,78002,29171,9550
562.4216,2.45,302935,302792,206433,141105,62831
562.4218,2.38,136933,135541,95947,51500,25762
563.3514,1.33,31491,23699,35707,35946,36185
567.3324,1.75,428511,375530,358851,304553,282314
567.4205,3.29,7343,18930,14747,10814,10284
567.4212,2.8,29241,47670,39480,23967,20875
567.8883,0.31,1316,1593,849,1031,2166
568.374,2.24,13323,15230,15996,11314,13508
568.3743,2.5,24797,27679,31513,23743,26036
569.3481,1.81,100314,92168,89255,72541,73606
569.3485,1.87,62801,41427,40103,26537,30776
569.3771,1.66,13521,7573,6020,7753,11827
569.4502,2.18,192909,362210,321415,138282,186131
571.3641,2,79713,39664,46336,29783,19920
571.3931,1.63,38880,30036,34643,36958,37858
571.3942,1.73,107582,107898,101285,114951,108629
571.4296,1.79,107585,119543,115193,101904,94879
571.8288,0.32,2447,2828,2364,2287,2486
573.3874,1.97,15827,15682,12824,18357,15808
573.388,2.13,11499,19972,8234,6900,7226
573.4081,1.61,16596,22891,12431,18168,13975
573.4089,1.54,5831,5920,7338,4974,6070
573.826,0.32,2083,2204,2359,1845,2170
574.3685,0.37,4170,8939,7093,8697,10333
574.3688,0.48,24642,34916,28414,28504,25815
574.4593,2.49,60102,67732,52705,30749,23436
574.4603,2.42,6789,17924,24418,6994,7559
575.4024,1.92,143116,145964,139937,139091,129818
575.4034,1.86,252482,257504,246178,241385,216013
576.4751,2.94,51465,258636,36764,92377,134213
576.4755,2.41,49215,36850,29486,19325,16215
576.4762,2.48,51789,38201,19030,25004,10743
577.3297,1.34,8578,8394,6385,6333,8921
577.378,1.89,20944,23960,19965,19986,17971
577.3852,1.8,19340,16917,18098,16289,15671
578.394,2.45,28111,9013,11383,1733,
579.4007,2.04,17358,12418,12961,14113,7877
580.3591,1.86,5387,8770,11650,11477,12802
580.4336,2.22,6662,12126,9743,2854,643
581.8548,0.31,4366,4086,4311,3463,5046
582.248,1.56,17316,18853,36314,22508,24982
582.2485,1.62,11441,13176,30511,11883,8467
583.2539,3.01,31711,78808,55609,28921,23677
583.3273,1.56,16781,19876,25769,21381,22381
583.4654,2.41,24548,45366,25697,25388,18121
583.4661,2.35,59877,44285,51723,51972,32160
583.977,0.31,1195,1224,1114,1762,1519
584.2625,3,26702,51450,31557,23239,19129
584.2629,1.46,36352,44763,17436,31544,6513
584.2631,1.44,80431,87165,88072,50812,45832
584.2647,1.36,5635,5450,3454,2320,1626
585.3725,1.7,6827,6599,8361,10756,9345
585.4459,1.88,139172,143365,155326,150451,157993
586.5403,2.42,9624,11598,31909,11067,12321
586.5415,2.48,15431,17074,47889,11000,18429
587.4238,1.66,42664,42706,44457,46781,38048
587.4381,2.17,75658,76481,88286,112858,71889
587.4401,2.23,22006,16030,112954,66899,63292
588.4764,2.71,2027,24567,12410,11236,3618
589.3842,1.83,13862,14818,15298,11795,13367
589.4035,1.46,9412,11012,9348,9863,12738
589.4178,1.97,7794,10164,13092,8371,9979
590.3097,1.37,9909,8317,8355,7596,8793
590.492,2.55,29354,88165,78994,37375,46278
591.5345,1.95,7146,13812,7513,25527,12546
592.4716,2.48,248379,143371,93446,77714,59102
593.3701,2.12,64472,79609,79460,72097,40004
594.3411,1.38,8420,6158,5043,4833,6167
594.4854,2.93,371376,111567,416382,192098,108889
594.4858,2.93,229303,267191,481843,195022,29316
595.7534,0.33,3040,1867,2494,2857,2505
596.3317,1.86,2877,3513,6597,5642,8197
596.5014,2.97,25231,97061,73127,65065,30868
597.4822,2.63,9929,9797,13251,14148,13306
597.7487,0.33,2173,1585,1836,1861,1827
598.3847,2.25,109375,102012,74768,79968,77673
599.4235,1.78,5916,6497,5376,8291,9479
599.46,2.06,42809,36155,37344,21099,40733
599.461,1.98,25682,24959,18218,24325,22873
600.2564,1.35,8313,10862,13102,11110,8336
601.4395,1.79,35130,22168,29321,24540,24975
601.4398,1.71,64222,67989,57878,66343,65249
601.4409,1.64,9711,9152,7821,7691,8507
602.3432,1.69,20284,23165,29402,35203,27512
602.399,1.83,14876,10705,10712,9360,10895
603.4175,1.49,8452,13108,17467,12551,16847
603.5639,0.34,4146,2201,3274,2205,4801
605.7807,0.33,3469,3369,2970,3441,3934
606.4091,1.34,9135,7805,10315,7762,8220
607.1271,1.56,1727,1656,2190,2104,1989
607.3783,1.34,22223,22967,18043,18591,16603
609.3625,1.9,14559,12856,13632,11732,10161
611.4259,1.82,10005,10683,8575,19295,13547
611.8752,0.31,2634,2925,3202,3404,3220
612.4114,1.95,29788,24430,27539,32839,17624
612.4756,2.55,30627,28628,17503,38107,8470
613.431,3.19,157341,96379,105953,106270,135989
613.4392,1.72,8755,10772,8497,10468,9412
613.4765,2.18,85237,90634,103498,102058,29016
613.8086,0.32,5873,5871,5550,5545,4510
614.4165,2.21,124949,131844,125439,113404,119298
614.4168,2.21,169387,168289,159950,160718,11666
614.4911,2.97,,219604,232857,115927,123175
615.4558,1.71,311596,320370,309673,308634,313237
615.4558,1.78,134019,137148,147855,142139,132392
616.4661,2.48,77177,17524,68081,6771,10297
616.4681,2.42,30122,38271,32611,9379,23720
617.4128,1.97,15323,17222,15786,13380,15563
617.4342,1.54,5445,8025,9745,8369,8151
619.3671,1.72,13409,21645,14368,14563,20288
619.43,1.85,279487,269395,264123,257967,239714
620.4113,1.71,15959,15264,12421,11331,16015
621.3998,2.98,74069,48538,33798,52407,48537
623.4283,1.96,18551,30482,24057,28762,23958
624.3124,1.59,5518,4778,14417,12939,12117
624.3849,1.85,13146,8464,14050,9961,17499
625.0406,1.85,1243,1428,,1094,
625.3459,1.47,3841,3688,3403,3611,4982
626.416,2.63,16620,30284,34834,30014,29002
627.1886,2.7,27391,26517,19661,14842,13640
627.4929,2.33,18200,28803,41679,19940,41000
628.3796,1.24,25629,19244,22195,19120,18523
628.5131,3.16,39288,35094,34305,,4034
628.5151,2.88,,33822,41377,20107,15681
629.1861,2.7,11537,12823,10831,7611,6192
629.4337,1.78,26700,36468,30922,24900,32873
629.4353,1.68,18497,20474,21643,15774,19145
629.4715,1.86,162235,159141,159225,173482,146418
630.4813,2.58,16661,35783,8522,,4542
631.451,1.65,24958,28644,28780,27670,25011
631.4658,2.16,47516,79324,83329,66614,68126
632.0303,1.32,2361,3677,3609,4072,4000
632.247,1.55,7640,7065,7081,7149,8255
633.4303,1.46,11305,10113,7864,7962,7081
633.4465,1.99,56538,51555,46776,55667,54652
635.4166,2.48,55516,51360,58724,49777,46245
636.2976,2.11,31407,29051,27333,20009,13703
636.411,1.79,16082,18310,16799,13053,16549
638.4029,1.6,3933,13636,4847,6441,15297
640.3599,1.85,4586,5412,7157,6778,6770
641.5076,2.61,14171,13635,15098,15000,17630
643.4859,2.05,40725,29341,30449,26741,33629
643.4875,1.95,36468,31331,34027,29286,29158
645.1974,1.73,5062,5215,5717,4659,5967
645.4666,1.7,81885,77066,72185,73899,78891
645.7031,1.35,2797,2680,3003,4080,3511
646.5044,2.43,1170,8402,34725,71159,130074
647.4267,1.8,10579,12849,13609,23108,9748
647.4459,1.49,16603,10613,14059,9262,7784
649.4315,2.74,155951,197541,203776,148307,129286
651.4026,1.34,12447,11037,20433,12348,11935
653.3258,2.11,35483,32491,31644,25045,16483
653.3913,1.89,9315,10324,10748,8209,8632
653.7112,0.33,2324,2487,1913,2022,2311
654.483,2.98,1108,68247,55317,35222,37433
656.4271,2.37,76159,40668,72936,54304,48023
657.5021,2.18,87897,49940,73706,84555,72677
659.4825,1.76,99902,120413,111076,105131,109275
660.3868,1.75,25217,14323,11218,24153,20918
661.4388,1.91,27675,7371,,19713,14464
661.4603,1.53,9216,6937,,6341,6735
662.4457,1.85,208662,186450,,76919,163761
663.4553,1.85,238903,237680,321802,270476,224143
665.3297,1.61,6049,10610,8070,8647,6118
665.4278,2.2,34841,33954,30540,26785,22474
665.7359,0.33,1602,1717,1791,1537,1784
665.9811,0.31,1192,1273,1542,1430,1372
668.3254,2.14,27445,31261,24494,23898,17275
668.326,2.27,20900,19075,18698,12953,6521
668.4139,1.85,5039,7880,8611,11318,14252
670.4777,2.55,22494,20083,16523,7696,6665
671.5182,2.34,27445,29468,23252,11130,15460
672.458,2.3,103914,124993,104661,106776,117276
673.4586,2.34,52586,97826,60252,58855,41233
673.4976,1.83,170892,173583,176132,91823,101995
673.4986,1.76,75259,81283,75729,71237,73251
673.7642,0.33,2320,2908,2352,2615,2117
673.998,1.28,8996,8101,8898,8506,9562
674.3379,1.28,8837,8535,10016,12524,8898
674.5353,3.35,,287932,29383,20828,8871
675.4771,1.64,21578,19287,18707,20108,17185
675.4778,1.58,4030,25444,3125,5152,4979
675.4917,2.16,28519,54639,35292,49800,41624
675.4932,2.22,11656,10433,16580,9091,13582
677.4107,1.75,26325,22987,13827,25662,22159
677.453,1.46,7543,6316,5328,5595,5244
677.4649,1.74,10795,58885,63888,73328,49708
677.4704,1.96,10306,8692,6105,8296,7218
679.2195,1.26,2584,2442,2050,1999,1623
679.8621,0.31,2742,2506,3289,3435,3197
685.3505,2.14,24148,22463,23321,16462,13777
685.5338,2.61,23002,13079,13773,16453,11957
687.4763,1.83,14731,12042,11824,13638,10511
687.5129,1.92,60505,61212,54858,51563,48948
687.5132,2.06,21917,38038,20667,16051,21455
688.5549,2.31,500,738,40670,473454,
688.5558,2.14,871,1907,50283,37160,377285
689.2225,1.73,3797,3788,2958,3415,5290
689.4854,2.29,86265,69070,65410,67722,65279
689.4928,1.69,45088,50096,50565,55069,57821
691.473,1.49,11012,13614,9205,7932,9319
691.4857,2.08,19210,18480,18361,26006,19481
692.4473,2.7,11181,14333,15114,4709,2452
695.4287,1.35,5275,8131,6316,5182,6131
696.5156,2.43,10882,9050,18580,13792,8564
696.5156,2.48,10239,1988,55107,70244,15684
700.3496,2.2,7668,5852,6715,5333,3610
700.3997,3.35,5431,1790,72128,,
700.5514,3.35,827,53151,170779,298997,220933
701.5304,2.15,23200,63691,45381,,
702.5672,3.34,30970,5511,574410,113979,81714
702.5702,2.22,36443,15618,93357,21418,131270
702.5726,1.91,1541,,,592742,211841
702.5729,2.41,6245,14232,589402,,
703.5083,1.75,113564,102853,114883,112239,111299
705.4662,1.95,17186,17351,14080,14519,15266
705.4682,2.09,9538,11697,11609,11320,11345
705.4878,1.53,9836,6631,13169,9369,10140
707.4823,1.84,202417,203180,189441,192020,192704
707.8027,0.32,3174,3406,4624,3654,4373
712.437,1.84,5394,7623,9793,11364,15092
712.4598,1.35,14338,9338,7176,6759,5376
717.5247,1.89,5843,11733,78269,69886,66934
717.5248,1.82,164130,155108,103321,160656,96268
719.5034,1.63,17478,10640,13631,10677,15664
719.5192,2.14,16771,32318,,27023,17063
721.4605,1.81,8264,9075,10382,10562,8338
721.4998,1.94,8035,7194,9701,8094,6280
728.4121,1.84,2148,2681,4577,5317,8618
730.5007,2.42,96644,73697,114725,57792,68008
731.497,2.49,47743,73313,47204,56610,57080
731.5357,2.06,16313,13689,21190,58840,5713
731.5396,1.82,19188,19989,16841,25384,201442
731.5398,1.89,75396,81315,73015,77809,69984
731.5465,3.36,,,,324548,282193
733.2486,1.72,3471,3916,3158,4080,4016
733.2953,1.26,5090,5989,4782,5313,6075
733.5188,1.69,40629,32867,41500,39385,37366
735.4546,1.81,25705,30328,33238,33158,24611
735.4971,1.49,7993,6439,9161,7077,7831
740.441,1.31,5505,8953,7087,12666,11014
745.553,2.15,33619,88425,54257,35718,7260
745.5564,1.99,28954,37755,44507,26317,19481
747.4539,0.34,13439,13275,12799,13347,13999
747.5248,2.42,76921,96293,57965,56152,87692
747.5331,1.74,77343,85794,72969,69428,82799
749.4922,2.08,13690,8842,11352,11701,11475
749.4935,1.94,19417,16002,2333,123082,137688
749.514,1.52,8131,13798,7983,7553,7536
751.5078,1.84,160430,160099,143693,133238,138102
755.392,1.29,2780,1795,2372,1409,2014
755.5451,3.36,13279,165742,396675,,222311
755.5471,1.82,5157,51836,1732,,
756.4634,1.84,4582,6799,5942,8529,8831
759.8135,0.32,5521,5855,5881,6516,6715
761.5508,1.8,133397,149023,142831,100017,83910
761.5509,1.88,31939,47409,47990,39144,61253
763.531,1.62,6330,6201,729,7002,6923
765.571,3.16,923,,2258,,158339
772.436,1.83,,5219,,3900,1134
773.5573,1.87,58961,305678,438720,112867,132573
773.5575,3.36,16722,108457,88218,118531,171096
775.2239,3.2,23507,35821,28692,17664,21309
775.5656,1.88,98252,93488,128360,92827,74443
776.6852,1.45,877,,793,,1367
777.2741,1.73,1204,3041,2374,2704,4319
777.5439,1.69,18903,52817,97640,134734,
779.5432,2.42,5875,18679,92525,228106,183658
779.5456,2.22,30934,21337,65252,445734,715136
779.5462,3.35,,125193,554546,424129,230490
779.5469,2.48,7408,18618,77557,249290,295008
781.4354,0.34,6604,5352,2175,5929,5110
781.5618,2.21,32748,31440,18518,3245327,1647776
781.5622,2.43,28264,41421,14126,5845155,282966
781.5626,1.92,,43174,44023,8332409,2525663
781.5626,3.35,43553,62958,811974,,
783.3975,0.35,1362,,2931,500,2801
785.5024,0.64,24747,31661,29882,37434,21660
785.5933,2.36,624621,128193,41014,,58297
788.7133,2.23,10288,11662,11336,15380,9381
789.5488,1.9,2904,42947,10531,12711,3950
789.5515,1.91,12555,17270,27125,94576,60720
789.5778,1.99,35743,6047,64932,42846,18424
791.3575,1.7,4771,4518,4471,3708,4289
791.5633,1.73,75879,67302,85284,104266,75299
793.4941,1.87,24444,19826,19707,33307,20024
793.5185,1.93,12186,12070,7337,11524,13523
793.5206,2.07,12583,10506,28869,8441,13787
793.8076,0.32,924,1922,2587,1498,1058
795.1275,1.58,2893,4405,4293,2304,2840
795.5378,1.83,108323,134368,178427,125108,97856
795.5413,2.48,1860,155378,95726,48181,76267
795.5419,1.7,1810,97766,69674,92744,149241
797.3134,1.85,2212,2019,,1639,899
797.5561,3.34,32765,383257,286671,759290,81476
797.5572,1.74,22284,,302666,257538,258690
799.4085,0.35,3262,2867,1562,2288,1640
799.5749,1.82,14598,107038,184610,50166,120092
801.5286,2.33,568,531,33917,8371,6939
803.541,2.56,39233,49453,,103116,103656
805.5609,3.36,13450,48305,2032374,85814,
805.5724,1.77,103479,83018,135409,346249,
806.5653,1.78,,48632,26842,192435,327743
807.5767,2.22,140036,31767,137279,357085,98703
808.5885,1.73,22054,34627,18922,27485,20246
811.6088,2.47,167473,73911,27697,6914,
813.5516,3.36,45722,73455,87422,158395,114308
813.5517,1.86,,38375,32334,18412,6423
815.5674,1.73,10763,89334,77001,39899,60870
815.8279,0.31,5552,5718,6374,5643,5515
816.4653,1.84,693,2415,3906,3290,4620
817.5225,2.47,2371,27839,14323,8978,41849
819.5394,3.35,28693,135593,119257,79859,95720
819.5918,1.86,86972,85900,86406,71376,75312
820.8806,0.72,16614,19079,16838,15943,16771
821.5561,3.35,9449,122522,168720,316597,74282
822.6029,1.78,17266,24015,28870,24860,22029
823.5721,1.91,,38106,47079,83645,46131
824.5807,1.63,16304,34717,6979,8455,31405
825.5839,1.73,5294,11599,37668,10772,115719
825.5866,3.36,5973,37193,107892,,53183
830.4112,1.32,8293,6641,5658,6302,5272
831.5686,1.82,4620,50449,9258,27627,52126
833.5874,3.35,31763,24275,,64457,167493
833.5915,2.22,14262,7725,2976,1944,
833.6053,1.94,34742,32708,48574,20090,38768
835.5875,1.72,44001,63172,34376,34993,55480
836.6174,1.86,24879,28853,29769,26295,18474
837.5526,3.35,98156,96037,65340,193703,171609
838.5978,1.67,18794,15638,24864,19287,18927
839.2201,2.25,1767,1727,1848,1052,887
839.5618,1.83,73157,64873,51194,59030,55607
839.5698,1.71,5146,53922,64636,60419,38551
841.5279,1.24,41281,30451,27253,28960,24150
847.6238,2.06,28179,20847,36186,21227,24479
849.6031,1.77,76866,73667,65891,56271,45271
851.5368,1.92,18606,12003,22665,18927,13328
852.6124,1.72,50254,36475,37631,30360,44207
853.8065,0.31,2156,2100,2289,1914,2341
858.7623,1.71,13526,18299,9440,10374,17107
861.6166,2.35,10757,96792,87972,65082,61474
863.6102,2.72,69164,79710,39582,60838,27246
863.6195,1.84,65461,73393,59909,64725,60517
866.4203,1.31,14804,8537,13309,13929,13560
866.6289,1.86,3394,13309,10521,10632,15736
866.6309,1.77,57131,49146,64557,60560,64732
867.0967,1.3,4346,4316,5455,5978,6290
877.6324,1.92,44234,54993,49234,52507,54818
877.7291,0.32,2424,2092,2530,2860,2315
879.6124,1.71,16650,17521,20013,17678,20810
880.6448,1.84,43349,54206,53085,49199,39774
883.5857,1.82,47627,28878,31836,31345,38188
885.5181,1.24,6771,4413,3317,3682,3788
891.6486,2.03,23384,23877,18568,20827,21812
893.6309,1.76,46370,40797,46796,30962,47628
894.6617,1.92,30244,34603,38759,36643,37215
896.6399,1.71,30805,30525,40215,34519,38085
907.6456,1.82,56384,45234,44834,47794,46774
908.6775,2.02,14033,17444,14316,16665,14423
910.6553,1.76,69272,62864,46281,73657,74932
911.2435,1.63,2061,2010,2269,1905,1829
913.5484,1.25,10445,8234,6822,5831,8635
915.5162,3.33,1098,442,4105,16885,20598
916.6357,1.63,3963,4047,3924,2594,4019
921.6511,2.89,55400,63629,52199,56088,52219
921.6602,1.9,36674,47613,36922,33910,48939
923.6403,1.7,10355,13272,9858,14596,12978
924.6711,1.82,59776,61849,56405,57410,55813
927.6135,1.82,22503,21622,16131,21186,16131
935.6185,0.33,4385,4736,4492,4675,4937
935.6749,1.99,26100,22320,24678,23059,22159
937.6547,1.75,23827,30330,31629,22316,29510
938.6869,1.9,39030,45746,48100,48640,41422
939.6075,0.33,3704,3746,3835,4614,4449
940.665,1.7,30373,26832,42462,25149,31247
941.4623,1.3,10478,15987,12021,14791,17680
943.3527,1.24,47796,54155,52491,58382,62390
944.6386,1.82,21690,21774,24375,26134,25649
951.6705,1.81,27626,30225,34345,33707,32750
952.704,2,16009,19004,19529,30233,26187
954.6816,1.75,38935,49425,46188,37835,44109
955.6493,1.88,9486,7365,9708,8181,2777
963.7779,0.32,4226,3952,4707,4185,5090
965.6883,1.89,28768,37526,25163,31048,21975
966.1606,1.38,737,8649,16127,16382,25949
967.7239,2.12,8179,32668,24273,9684,7221
968.699,1.81,40950,48995,51017,50966,50585
970.6015,1.73,11641,11864,12357,11413,10985
971.6369,1.82,8264,11436,5267,6143,7272
972.6192,1.81,30230,39415,36983,32518,25749
974.635,1.87,27041,17866,22492,36363,19846
974.6689,2.12,18018,19466,15467,19356,13822
979.6931,3.15,41664,30254,41613,47615,31817
979.7002,1.97,20729,17055,19033,19020,18592
980.3815,1.39,,9680,10170,12646,17054
981.6813,1.75,9079,10866,12829,7514,12641
982.7135,1.88,43989,42648,37731,43698,39549
983.682,2.01,60679,60383,62956,40882,11109
984.6902,1.69,15599,16716,18826,16711,12997
987.5857,1.24,9025,8121,6126,6272,5841
988.6511,1.81,202564,23737,27936,25077,166354
990.8396,2.01,,,,,2266
995.6959,1.79,25483,19549,21807,14120,23167
997.27,1.24,21434,22686,25036,31081,27425
999.7766,3.14,6024,7287,98371,4494,3010
1000.1939,1.3,1709,2958,7189,6654,8878
1000.3892,1.3,1891,4999,7901,7483,9332
1000.6496,1.79,75234,75586,75887,65704,60636
1000.684,2.11,17763,9824,8346,23286,11440
1000.9932,1.29,1161,1683,1841,4101,6604
1002.6645,1.87,10876,7301,7897,10432,6443
1002.6652,2.09,43297,11826,13431,11949,5125
1009.6937,2.03,17769,24608,26966,8252,17777
1009.7153,1.86,21043,18074,22333,21817,17883
1011.0003,1.28,722,5991,9589,11309,11487
1012.6476,1.75,62503,28425,58480,20606,23563
1012.649,1.78,61466,34679,55913,32334,30669
1012.7225,1.8,30963,30658,31495,30769,34977
1013.1507,1.95,19629,19338,17533,15864,8508
1014.6623,1.79,19614,35444,36158,126697,4546
1014.663,1.94,131783,133278,114181,107383,70676
1014.6642,1.87,69746,62588,61761,70290,64114
1015.6918,1.41,561,6060,13511,18296,26554
1016.681,1.95,229525,223395,215437,194241,113662
1016.6819,2.03,581649,499561,464861,426491,181312
1019.6364,2.73,22893,246,25803,4946,30936
1024.6524,1.78,37671,35668,36100,30499,28263
1026.5667,1.84,1381,,5884,1483,
1026.7383,1.86,35623,46462,41985,38983,1566
1030.7327,1.5,15654,26067,20965,8622,12234
1032.6904,1.81,12928,11977,13528,14850,10741
1034.6921,1.39,6164,3607,4466,,3324
1036.6451,1.76,37022,35917,36039,32691,30749
1040.6802,1.88,70461,73318,151524,128054,103663
1040.6804,1.93,87657,81504,53556,81487,39839
1041.7921,0.31,3582,4692,3913,3167,4042
1042.6975,1.94,15415,20225,21562,8988,40560
1043.698,1.8,3376,18494,13342,10114,10094
1053.7385,1.85,21849,20386,14129,18634,15584
1054.6736,1.25,13125,9543,8128,7758,8428
1055.2308,1.43,4957,14438,13983,24395,24779
1060.6481,1.74,15597,11681,15723,15333,15471
1061.1485,1.8,3473,4194,3950,4021,2963
1062.6647,1.78,226585,229426,225706,209722,185504
1064.6825,1.88,22581,24397,20474,25564,19840
1066.6917,1.93,40263,8410,5240,4391,3141
1066.6962,1.99,40604,29132,28924,26888,13273
1070.7671,1.86,24006,27865,26444,40134,34036
1073.5891,1.98,5694,11907,23346,19038,10974
1086.8675,1.96,4469,3424,3748,3815,2582
1086.9219,1.42,704,1748,3147,19926,29645
1088.6785,1.81,38883,23859,19753,38941,19347
1100.7773,1.77,20125,15912,20418,20306,18772
1128.8089,1.91,19820,20382,20057,19431,18157
1195.9888,0.31,1797,1986,1548,1330,2037
1322.9196,1.53,6691,6472,4194,6136,6764
1487.6806,0.31,1706,2072,1543,1825,2703
1591.8148,1.31,3437,2963,3686,4813,3390
1770.8418,1.31,15931,16408,14968,16079,15992
1778.4471,1.25,893,2615,3348,3753,5212
1894.7233,1.36,919,3625,9804,11543,3471
2009.9648,1.32,39127,42610,38253,39597,35212
2036.2517,1.95,31144,29186,29427,24462,18389
2080.6926,1.79,6796,6317,5475,5330,5251
2081.7078,1.79,5900,5146,5690,4187,3954
2148.1018,1.42,268,20269,27360,37765,39406
2169.8513,1.41,947,13129,21802,33012,35248
2170.3443,1.4,,9321,18055,21066,22697
2180.7292,1.41,,6716,21425,25401,30962
